Program,best_exam_score,worst_exam_score,avg_exam_score,,,,,,,Barinel (Perfect EXAM = 0.0385),,,,,
,,,,,,Average EXAM Best-Case By Gate,Average EXAM Best-Case Overall,Median EXAM Best-Case,% Top 1 Best-Case,% Top 3 Best-Case,Average EXAM Worst-Case By Gate,Average EXAM Worst-Case Overall,Median EXAM Worst-Case,% Top 1 Worst-Case,% Top 3 Worst-Case
AddGate_ccx_inGap_14_.qasm,0.846153846,0.846153846,0.846153846,,CCX,0.61965812,0.241826923,0.153846154,0.204166667,0.466666667,0.61965812,0.244391026,0.153846154,0.141666667,0.466666667
AddGate_ccx_inGap_15_.qasm,0.961538462,0.961538462,0.961538462,,,,,,,,,,,,
AddGate_ccx_inGap_16_.qasm,0.192307692,0.192307692,0.192307692,,,,,,,,,,,,
AddGate_ccx_inGap_17_.qasm,0.615384615,0.615384615,0.615384615,,,,,,,,,,,,
AddGate_ccx_inGap_18_.qasm,0.692307692,0.692307692,0.692307692,,,,,,,,,,,,
AddGate_ccx_inGap_19_.qasm,0.923076923,0.923076923,0.923076923,,,,,,,,,,,,
AddGate_ccx_inGap_20_.qasm,0.615384615,0.615384615,0.615384615,,,,,,,,,,,,
AddGate_ccx_inGap_21_.qasm,0.653846154,0.653846154,0.653846154,,,,,,,,,,,,
AddGate_ccx_inGap_22_.qasm,0.076923077,0.076923077,0.076923077,,,,,,,,,,,,
AddGate_cswap_inGap_11_.qasm,0.269230769,0.269230769,0.269230769,,CSWAP,0.471153846,,,,,0.471153846,,,,
AddGate_cswap_inGap_12_.qasm,0.192307692,0.192307692,0.192307692,,,,,,,,,,,,
AddGate_cswap_inGap_13_.qasm,0.961538462,0.961538462,0.961538462,,,,,,,,,,,,
AddGate_cswap_inGap_14_.qasm,0.576923077,0.576923077,0.576923077,,,,,,,,,,,,
AddGate_cswap_inGap_15_.qasm,0.384615385,0.384615385,0.384615385,,,,,,,,,,,,
AddGate_cswap_inGap_16_.qasm,0.923076923,0.923076923,0.923076923,,,,,,,,,,,,
AddGate_cswap_inGap_17_.qasm,0.615384615,0.615384615,0.615384615,,,,,,,,,,,,
AddGate_cswap_inGap_18_.qasm,0.038461538,0.038461538,0.038461538,,,,,,,,,,,,
AddGate_cswap_inGap_19_.qasm,0.615384615,0.615384615,0.615384615,,,,,,,,,,,,
AddGate_cswap_inGap_23_.qasm,0.538461538,0.538461538,0.538461538,,,,,,,,,,,,
AddGate_cswap_inGap_24_.qasm,0.384615385,0.384615385,0.384615385,,,,,,,,,,,,
AddGate_cswap_inGap_25_.qasm,0.153846154,0.153846154,0.153846154,,,,,,,,,,,,
AddGate_cx_inGap_14_.qasm,0.153846154,0.153846154,0.153846154,,CX,0.183760684,,,,,0.183760684,,,,
AddGate_cx_inGap_15_.qasm,0.230769231,0.230769231,0.230769231,,,,,,,,,,,,
AddGate_cx_inGap_16_.qasm,0.230769231,0.230769231,0.230769231,,,,,,,,,,,,
AddGate_cx_inGap_17_.qasm,0.269230769,0.269230769,0.269230769,,,,,,,,,,,,
AddGate_cx_inGap_18_.qasm,0.115384615,0.115384615,0.115384615,,,,,,,,,,,,
AddGate_cx_inGap_19_.qasm,0.076923077,0.076923077,0.076923077,,,,,,,,,,,,
AddGate_cx_inGap_20_.qasm,0.115384615,0.115384615,0.115384615,,,,,,,,,,,,
AddGate_cx_inGap_21_.qasm,0.076923077,0.076923077,0.076923077,,,,,,,,,,,,
AddGate_cx_inGap_22_.qasm,0.384615385,0.384615385,0.384615385,,,,,,,,,,,,
AddGate_cz_inGap_14_.qasm,0.192307692,0.192307692,0.192307692,,CZ,0.320512821,,,,,0.320512821,,,,
AddGate_cz_inGap_15_.qasm,0.192307692,0.192307692,0.192307692,,,,,,,,,,,,
AddGate_cz_inGap_16_.qasm,0.692307692,0.692307692,0.692307692,,,,,,,,,,,,
AddGate_cz_inGap_20_.qasm,0.346153846,0.346153846,0.346153846,,,,,,,,,,,,
AddGate_cz_inGap_21_.qasm,0.115384615,0.115384615,0.115384615,,,,,,,,,,,,
AddGate_cz_inGap_22_.qasm,0.384615385,0.384615385,0.384615385,,,,,,,,,,,,
AddGate_h_inGap_10_.qasm,0.115384615,0.115384615,0.115384615,,H,0.285714286,,,,,0.285714286,,,,
AddGate_h_inGap_11_.qasm,0.269230769,0.269230769,0.269230769,,,,,,,,,,,,
AddGate_h_inGap_12_.qasm,0.230769231,0.230769231,0.230769231,,,,,,,,,,,,
AddGate_h_inGap_13_.qasm,0.153846154,0.153846154,0.153846154,,,,,,,,,,,,
AddGate_h_inGap_7_.qasm,0.5,0.5,0.5,,,,,,,,,,,,
AddGate_h_inGap_8_.qasm,0.576923077,0.576923077,0.576923077,,,,,,,,,,,,
AddGate_h_inGap_9_.qasm,0.153846154,0.153846154,0.153846154,,,,,,,,,,,,
AddGate_p_inGap_14_.qasm,0.038461538,0.038461538,0.038461538,,P,0.185897436,,,,,0.192307692,,,,
AddGate_p_inGap_15_.qasm,0.076923077,0.076923077,0.076923077,,,,,,,,,,,,
AddGate_p_inGap_16_.qasm,0.153846154,0.153846154,0.153846154,,,,,,,,,,,,
AddGate_p_inGap_17_.qasm,0.115384615,0.115384615,0.115384615,,,,,,,,,,,,
AddGate_p_inGap_18_.qasm,0.115384615,0.115384615,0.115384615,,,,,,,,,,,,
AddGate_p_inGap_19_.qasm,0.461538462,0.461538462,0.461538462,,,,,,,,,,,,
AddGate_p_inGap_20_.qasm,0.115384615,0.115384615,0.115384615,,,,,,,,,,,,
AddGate_p_inGap_21_.qasm,0.961538462,1,0.980769231,,,,,,,,,,,,
AddGate_p_inGap_22_.qasm,0.038461538,0.038461538,0.038461538,,,,,,,,,,,,
AddGate_p_inGap_23_.qasm,0.076923077,0.076923077,0.076923077,,,,,,,,,,,,
AddGate_p_inGap_24_.qasm,0.038461538,0.038461538,0.038461538,,,,,,,,,,,,
AddGate_p_inGap_25_.qasm,0.038461538,0.076923077,0.057692308,,,,,,,,,,,,
AddGate_rx_inGap_14_.qasm,0.653846154,0.653846154,0.653846154,,RX ,0.158371041,,,,,0.162895928,,,,
AddGate_rx_inGap_15_.qasm,0.038461538,0.038461538,0.038461538,,,,,,,,,,,,
AddGate_rx_inGap_16_.qasm,0.384615385,0.384615385,0.384615385,,,,,,,,,,,,
AddGate_rx_inGap_17_.qasm,0.115384615,0.115384615,0.115384615,,,,,,,,,,,,
AddGate_rx_inGap_18_.qasm,0.230769231,0.230769231,0.230769231,,,,,,,,,,,,
AddGate_rx_inGap_19_.qasm,0.076923077,0.076923077,0.076923077,,,,,,,,,,,,
AddGate_rx_inGap_20_.qasm,0.192307692,0.192307692,0.192307692,,,,,,,,,,,,
AddGate_rx_inGap_21_.qasm,0.153846154,0.153846154,0.153846154,,,,,,,,,,,,
AddGate_rx_inGap_22_.qasm,0.076923077,0.076923077,0.076923077,,,,,,,,,,,,
AddGate_rx_inGap_23_.qasm,0.115384615,0.115384615,0.115384615,,,,,,,,,,,,
AddGate_rx_inGap_24_.qasm,0.076923077,0.076923077,0.076923077,,,,,,,,,,,,
AddGate_rx_inGap_25_.qasm,0.038461538,0.076923077,0.057692308,,,,,,,,,,,,
AddGate_rx_inGap_26_.qasm,0.038461538,0.038461538,0.038461538,,,,,,,,,,,,
AddGate_rx_inGap_27_.qasm,0.076923077,0.076923077,0.076923077,,,,,,,,,,,,
AddGate_rx_inGap_28_.qasm,0.346153846,0.346153846,0.346153846,,,,,,,,,,,,
AddGate_rx_inGap_29_.qasm,0.038461538,0.038461538,0.038461538,,,,,,,,,,,,
AddGate_rx_inGap_30_.qasm,0.038461538,0.076923077,0.057692308,,,,,,,,,,,,
AddGate_rxx_inGap_10_.qasm,0.653846154,0.653846154,0.653846154,,RXX,0.403846154,,,,,0.403846154,,,,
AddGate_rxx_inGap_14_.qasm,0.038461538,0.038461538,0.038461538,,,,,,,,,,,,
AddGate_rxx_inGap_15_.qasm,0.769230769,0.769230769,0.769230769,,,,,,,,,,,,
AddGate_rxx_inGap_16_.qasm,0.615384615,0.615384615,0.615384615,,,,,,,,,,,,
AddGate_rxx_inGap_17_.qasm,0.923076923,0.923076923,0.923076923,,,,,,,,,,,,
AddGate_rxx_inGap_18_.qasm,0.076923077,0.076923077,0.076923077,,,,,,,,,,,,
AddGate_rxx_inGap_19_.qasm,0.230769231,0.230769231,0.230769231,,,,,,,,,,,,
AddGate_rxx_inGap_20_.qasm,0.153846154,0.153846154,0.153846154,,,,,,,,,,,,
AddGate_rxx_inGap_21_.qasm,0.230769231,0.230769231,0.230769231,,,,,,,,,,,,
AddGate_rxx_inGap_22_.qasm,0.076923077,0.076923077,0.076923077,,,,,,,,,,,,
AddGate_rxx_inGap_4_.qasm,0.346153846,0.346153846,0.346153846,,,,,,,,,,,,
AddGate_rxx_inGap_5_.qasm,0.307692308,0.307692308,0.307692308,,,,,,,,,,,,
AddGate_rxx_inGap_6_.qasm,0.346153846,0.346153846,0.346153846,,,,,,,,,,,,
AddGate_rxx_inGap_7_.qasm,0.307692308,0.307692308,0.307692308,,,,,,,,,,,,
AddGate_rxx_inGap_8_.qasm,1,1,1,,,,,,,,,,,,
AddGate_rxx_inGap_9_.qasm,0.384615385,0.384615385,0.384615385,,,,,,,,,,,,
AddGate_ry_inGap_10_.qasm,0.269230769,0.269230769,0.269230769,,RY,0.281376518,,,,,0.281376518,,,,
AddGate_ry_inGap_11_.qasm,0.153846154,0.153846154,0.153846154,,,,,,,,,,,,
AddGate_ry_inGap_12_.qasm,0.730769231,0.730769231,0.730769231,,,,,,,,,,,,
AddGate_ry_inGap_13_.qasm,0.153846154,0.153846154,0.153846154,,,,,,,,,,,,
AddGate_ry_inGap_14_.qasm,0.153846154,0.153846154,0.153846154,,,,,,,,,,,,
AddGate_ry_inGap_15_.qasm,0.038461538,0.038461538,0.038461538,,,,,,,,,,,,
AddGate_ry_inGap_16_.qasm,0.423076923,0.423076923,0.423076923,,,,,,,,,,,,
AddGate_ry_inGap_17_.qasm,0.384615385,0.384615385,0.384615385,,,,,,,,,,,,
AddGate_ry_inGap_18_.qasm,0.153846154,0.153846154,0.153846154,,,,,,,,,,,,
AddGate_ry_inGap_19_.qasm,0.038461538,0.038461538,0.038461538,,,,,,,,,,,,
AddGate_ry_inGap_20_.qasm,0.153846154,0.153846154,0.153846154,,,,,,,,,,,,
AddGate_ry_inGap_21_.qasm,0.115384615,0.115384615,0.115384615,,,,,,,,,,,,
AddGate_ry_inGap_22_.qasm,0.076923077,0.076923077,0.076923077,,,,,,,,,,,,
AddGate_ry_inGap_4_.qasm,0.269230769,0.269230769,0.269230769,,,,,,,,,,,,
AddGate_ry_inGap_5_.qasm,0.538461538,0.538461538,0.538461538,,,,,,,,,,,,
AddGate_ry_inGap_6_.qasm,0.230769231,0.230769231,0.230769231,,,,,,,,,,,,
AddGate_ry_inGap_7_.qasm,0.423076923,0.423076923,0.423076923,,,,,,,,,,,,
AddGate_ry_inGap_8_.qasm,0.461538462,0.461538462,0.461538462,,,,,,,,,,,,
AddGate_ry_inGap_9_.qasm,0.576923077,0.576923077,0.576923077,,,,,,,,,,,,
AddGate_rz_inGap_14_.qasm,0.038461538,0.038461538,0.038461538,,RZ ,0.112179487,,,,,0.118589744,,,,
AddGate_rz_inGap_15_.qasm,0.076923077,0.076923077,0.076923077,,,,,,,,,,,,
AddGate_rz_inGap_16_.qasm,0.153846154,0.153846154,0.153846154,,,,,,,,,,,,
AddGate_rz_inGap_17_.qasm,0.5,0.5,0.5,,,,,,,,,,,,
AddGate_rz_inGap_18_.qasm,0.076923077,0.076923077,0.076923077,,,,,,,,,,,,
AddGate_rz_inGap_19_.qasm,0.038461538,0.038461538,0.038461538,,,,,,,,,,,,
AddGate_rz_inGap_20_.qasm,0.153846154,0.153846154,0.153846154,,,,,,,,,,,,
AddGate_rz_inGap_21_.qasm,0.076923077,0.076923077,0.076923077,,,,,,,,,,,,
AddGate_rz_inGap_22_.qasm,0.076923077,0.076923077,0.076923077,,,,,,,,,,,,
AddGate_rz_inGap_23_.qasm,0.038461538,0.076923077,0.057692308,,,,,,,,,,,,
AddGate_rz_inGap_24_.qasm,0.076923077,0.076923077,0.076923077,,,,,,,,,,,,
AddGate_rz_inGap_25_.qasm,0.038461538,0.076923077,0.057692308,,,,,,,,,,,,
AddGate_rzz_inGap_11_.qasm,0.346153846,0.346153846,0.346153846,,RZZ,0.341025641,,,,,0.341025641,,,,
AddGate_rzz_inGap_12_.qasm,0.730769231,0.730769231,0.730769231,,,,,,,,,,,,
AddGate_rzz_inGap_13_.qasm,0.5,0.5,0.5,,,,,,,,,,,,
AddGate_rzz_inGap_14_.qasm,0.5,0.5,0.5,,,,,,,,,,,,
AddGate_rzz_inGap_15_.qasm,0.153846154,0.153846154,0.153846154,,,,,,,,,,,,
AddGate_rzz_inGap_16_.qasm,0.230769231,0.230769231,0.230769231,,,,,,,,,,,,
AddGate_rzz_inGap_17_.qasm,0.192307692,0.192307692,0.192307692,,,,,,,,,,,,
AddGate_rzz_inGap_18_.qasm,0.269230769,0.269230769,0.269230769,,,,,,,,,,,,
AddGate_rzz_inGap_19_.qasm,0.615384615,0.615384615,0.615384615,,,,,,,,,,,,
AddGate_rzz_inGap_20_.qasm,0.153846154,0.153846154,0.153846154,,,,,,,,,,,,
AddGate_rzz_inGap_21_.qasm,0.307692308,0.307692308,0.307692308,,,,,,,,,,,,
AddGate_rzz_inGap_22_.qasm,0.423076923,0.423076923,0.423076923,,,,,,,,,,,,
AddGate_rzz_inGap_23_.qasm,0.5,0.5,0.5,,,,,,,,,,,,
AddGate_rzz_inGap_24_.qasm,0.153846154,0.153846154,0.153846154,,,,,,,,,,,,
AddGate_rzz_inGap_25_.qasm,0.038461538,0.038461538,0.038461538,,,,,,,,,,,,
AddGate_s_inGap_14_.qasm,0.038461538,0.038461538,0.038461538,,S,0.147435897,,,,,0.150641026,,,,
AddGate_s_inGap_15_.qasm,0.115384615,0.115384615,0.115384615,,,,,,,,,,,,
AddGate_s_inGap_16_.qasm,0.346153846,0.346153846,0.346153846,,,,,,,,,,,,
AddGate_s_inGap_17_.qasm,0.346153846,0.346153846,0.346153846,,,,,,,,,,,,
AddGate_s_inGap_18_.qasm,0.076923077,0.076923077,0.076923077,,,,,,,,,,,,
AddGate_s_inGap_19_.qasm,0.076923077,0.076923077,0.076923077,,,,,,,,,,,,
AddGate_s_inGap_20_.qasm,0.115384615,0.115384615,0.115384615,,,,,,,,,,,,
AddGate_s_inGap_21_.qasm,0.076923077,0.076923077,0.076923077,,,,,,,,,,,,
AddGate_s_inGap_22_.qasm,0.076923077,0.076923077,0.076923077,,,,,,,,,,,,
AddGate_s_inGap_23_.qasm,0.384615385,0.384615385,0.384615385,,,,,,,,,,,,
AddGate_s_inGap_24_.qasm,0.076923077,0.076923077,0.076923077,,,,,,,,,,,,
AddGate_s_inGap_25_.qasm,0.038461538,0.076923077,0.057692308,,,,,,,,,,,,
AddGate_swap_inGap_11_.qasm,0.730769231,0.730769231,0.730769231,,SWAP,0.326923077,,,,,0.326923077,,,,
AddGate_swap_inGap_12_.qasm,0.346153846,0.346153846,0.346153846,,,,,,,,,,,,
AddGate_swap_inGap_13_.qasm,0.5,0.5,0.5,,,,,,,,,,,,
AddGate_swap_inGap_14_.qasm,0.038461538,0.038461538,0.038461538,,,,,,,,,,,,
AddGate_swap_inGap_15_.qasm,0.846153846,0.846153846,0.846153846,,,,,,,,,,,,
AddGate_swap_inGap_16_.qasm,0.307692308,0.307692308,0.307692308,,,,,,,,,,,,
AddGate_swap_inGap_17_.qasm,0.423076923,0.423076923,0.423076923,,,,,,,,,,,,
AddGate_swap_inGap_18_.qasm,0.038461538,0.038461538,0.038461538,,,,,,,,,,,,
AddGate_swap_inGap_19_.qasm,0.038461538,0.038461538,0.038461538,,,,,,,,,,,,
AddGate_swap_inGap_20_.qasm,0.576923077,0.576923077,0.576923077,,,,,,,,,,,,
AddGate_swap_inGap_21_.qasm,0.038461538,0.038461538,0.038461538,,,,,,,,,,,,
AddGate_swap_inGap_22_.qasm,0.038461538,0.038461538,0.038461538,,,,,,,,,,,,
AddGate_sx_inGap_14_.qasm,0.346153846,0.346153846,0.346153846,,SX,0.190045249,,,,,0.192307692,,,,
AddGate_sx_inGap_15_.qasm,0.076923077,0.076923077,0.076923077,,,,,,,,,,,,
AddGate_sx_inGap_16_.qasm,0.230769231,0.230769231,0.230769231,,,,,,,,,,,,
AddGate_sx_inGap_17_.qasm,0.538461538,0.538461538,0.538461538,,,,,,,,,,,,
AddGate_sx_inGap_18_.qasm,0.615384615,0.615384615,0.615384615,,,,,,,,,,,,
AddGate_sx_inGap_19_.qasm,0.076923077,0.076923077,0.076923077,,,,,,,,,,,,
AddGate_sx_inGap_20_.qasm,0.153846154,0.153846154,0.153846154,,,,,,,,,,,,
AddGate_sx_inGap_21_.qasm,0.153846154,0.153846154,0.153846154,,,,,,,,,,,,
AddGate_sx_inGap_22_.qasm,0.076923077,0.076923077,0.076923077,,,,,,,,,,,,
AddGate_sx_inGap_23_.qasm,0.153846154,0.153846154,0.153846154,,,,,,,,,,,,
AddGate_sx_inGap_24_.qasm,0.192307692,0.192307692,0.192307692,,,,,,,,,,,,
AddGate_sx_inGap_25_.qasm,0.038461538,0.076923077,0.057692308,,,,,,,,,,,,
AddGate_sx_inGap_26_.qasm,0.153846154,0.153846154,0.153846154,,,,,,,,,,,,
AddGate_sx_inGap_27_.qasm,0.038461538,0.038461538,0.038461538,,,,,,,,,,,,
AddGate_sx_inGap_28_.qasm,0.076923077,0.076923077,0.076923077,,,,,,,,,,,,
AddGate_sx_inGap_29_.qasm,0.269230769,0.269230769,0.269230769,,,,,,,,,,,,
AddGate_sx_inGap_30_.qasm,0.038461538,0.038461538,0.038461538,,,,,,,,,,,,
AddGate_t_inGap_17_.qasm,0.576923077,0.576923077,0.576923077,,T,0.205128205,,,,,0.211538462,,,,
AddGate_t_inGap_18_.qasm,0.076923077,0.076923077,0.076923077,,,,,,,,,,,,
AddGate_t_inGap_19_.qasm,0.076923077,0.076923077,0.076923077,,,,,,,,,,,,
AddGate_t_inGap_23_.qasm,0.269230769,0.269230769,0.269230769,,,,,,,,,,,,
AddGate_t_inGap_24_.qasm,0.192307692,0.192307692,0.192307692,,,,,,,,,,,,
AddGate_t_inGap_25_.qasm,0.038461538,0.076923077,0.057692308,,,,,,,,,,,,
AddGate_x_inGap_14_.qasm,0.115384615,0.115384615,0.115384615,,X,0.104072398,,,,,0.108597285,,,,
AddGate_x_inGap_15_.qasm,0.038461538,0.038461538,0.038461538,,,,,,,,,,,,
AddGate_x_inGap_16_.qasm,0.538461538,0.538461538,0.538461538,,,,,,,,,,,,
AddGate_x_inGap_17_.qasm,0.153846154,0.153846154,0.153846154,,,,,,,,,,,,
AddGate_x_inGap_18_.qasm,0.115384615,0.115384615,0.115384615,,,,,,,,,,,,
AddGate_x_inGap_19_.qasm,0.038461538,0.038461538,0.038461538,,,,,,,,,,,,
AddGate_x_inGap_20_.qasm,0.153846154,0.153846154,0.153846154,,,,,,,,,,,,
AddGate_x_inGap_21_.qasm,0.076923077,0.076923077,0.076923077,,,,,,,,,,,,
AddGate_x_inGap_22_.qasm,0.038461538,0.038461538,0.038461538,,,,,,,,,,,,
AddGate_x_inGap_23_.qasm,0.115384615,0.115384615,0.115384615,,,,,,,,,,,,
AddGate_x_inGap_24_.qasm,0.076923077,0.076923077,0.076923077,,,,,,,,,,,,
AddGate_x_inGap_25_.qasm,0.038461538,0.076923077,0.057692308,,,,,,,,,,,,
AddGate_x_inGap_26_.qasm,0.038461538,0.038461538,0.038461538,,,,,,,,,,,,
AddGate_x_inGap_27_.qasm,0.076923077,0.076923077,0.076923077,,,,,,,,,,,,
AddGate_x_inGap_28_.qasm,0.076923077,0.076923077,0.076923077,,,,,,,,,,,,
AddGate_x_inGap_29_.qasm,0.038461538,0.038461538,0.038461538,,,,,,,,,,,,
AddGate_x_inGap_30_.qasm,0.038461538,0.076923077,0.057692308,,,,,,,,,,,,
AddGate_y_inGap_10_.qasm,0.076923077,0.076923077,0.076923077,,Y,0.175641026,,,,,0.178205128,,,,
AddGate_y_inGap_11_.qasm,0.115384615,0.115384615,0.115384615,,,,,,,,,,,,
AddGate_y_inGap_12_.qasm,0.5,0.5,0.5,,,,,,,,,,,,
AddGate_y_inGap_13_.qasm,0.269230769,0.269230769,0.269230769,,,,,,,,,,,,
AddGate_y_inGap_14_.qasm,0.076923077,0.076923077,0.076923077,,,,,,,,,,,,
AddGate_y_inGap_15_.qasm,0.038461538,0.038461538,0.038461538,,,,,,,,,,,,
AddGate_y_inGap_16_.qasm,0.269230769,0.269230769,0.269230769,,,,,,,,,,,,
AddGate_y_inGap_17_.qasm,0.076923077,0.076923077,0.076923077,,,,,,,,,,,,
AddGate_y_inGap_18_.qasm,0.115384615,0.115384615,0.115384615,,,,,,,,,,,,
AddGate_y_inGap_19_.qasm,0.423076923,0.423076923,0.423076923,,,,,,,,,,,,
AddGate_y_inGap_1_.qasm,0.153846154,0.153846154,0.153846154,,,,,,,,,,,,
AddGate_y_inGap_20_.qasm,0.115384615,0.115384615,0.115384615,,,,,,,,,,,,
AddGate_y_inGap_21_.qasm,0.115384615,0.115384615,0.115384615,,,,,,,,,,,,
AddGate_y_inGap_22_.qasm,0.038461538,0.038461538,0.038461538,,,,,,,,,,,,
AddGate_y_inGap_23_.qasm,0.076923077,0.076923077,0.076923077,,,,,,,,,,,,
AddGate_y_inGap_24_.qasm,0.115384615,0.115384615,0.115384615,,,,,,,,,,,,
AddGate_y_inGap_25_.qasm,0.038461538,0.076923077,0.057692308,,,,,,,,,,,,
AddGate_y_inGap_26_.qasm,0.038461538,0.038461538,0.038461538,,,,,,,,,,,,
AddGate_y_inGap_27_.qasm,0.038461538,0.038461538,0.038461538,,,,,,,,,,,,
AddGate_y_inGap_28_.qasm,0.038461538,0.038461538,0.038461538,,,,,,,,,,,,
AddGate_y_inGap_29_.qasm,0.192307692,0.192307692,0.192307692,,,,,,,,,,,,
AddGate_y_inGap_2_.qasm,0.230769231,0.230769231,0.230769231,,,,,,,,,,,,
AddGate_y_inGap_30_.qasm,0.038461538,0.076923077,0.057692308,,,,,,,,,,,,
AddGate_y_inGap_3_.qasm,0.192307692,0.192307692,0.192307692,,,,,,,,,,,,
AddGate_y_inGap_4_.qasm,0.269230769,0.269230769,0.269230769,,,,,,,,,,,,
AddGate_y_inGap_5_.qasm,0.692307692,0.692307692,0.692307692,,,,,,,,,,,,
AddGate_y_inGap_6_.qasm,0.076923077,0.076923077,0.076923077,,,,,,,,,,,,
AddGate_y_inGap_7_.qasm,0.423076923,0.423076923,0.423076923,,,,,,,,,,,,
AddGate_y_inGap_8_.qasm,0.346153846,0.346153846,0.346153846,,,,,,,,,,,,
AddGate_y_inGap_9_.qasm,0.076923077,0.076923077,0.076923077,,,,,,,,,,,,
AddGate_z_inGap_14_.qasm,0.038461538,0.038461538,0.038461538,,Z,0.070512821,,,,,0.080128205,,,,
AddGate_z_inGap_15_.qasm,0.038461538,0.038461538,0.038461538,,,,,,,,,,,,
AddGate_z_inGap_16_.qasm,0.115384615,0.115384615,0.115384615,,,,,,,,,,,,
AddGate_z_inGap_17_.qasm,0.115384615,0.115384615,0.115384615,,,,,,,,,,,,
AddGate_z_inGap_18_.qasm,0.076923077,0.076923077,0.076923077,,,,,,,,,,,,
AddGate_z_inGap_19_.qasm,0.038461538,0.038461538,0.038461538,,,,,,,,,,,,
AddGate_z_inGap_20_.qasm,0.153846154,0.153846154,0.153846154,,,,,,,,,,,,
AddGate_z_inGap_21_.qasm,0.038461538,0.076923077,0.057692308,,,,,,,,,,,,
AddGate_z_inGap_22_.qasm,0.076923077,0.076923077,0.076923077,,,,,,,,,,,,
AddGate_z_inGap_23_.qasm,0.038461538,0.076923077,0.057692308,,,,,,,,,,,,
AddGate_z_inGap_24_.qasm,0.076923077,0.076923077,0.076923077,,,,,,,,,,,,
AddGate_z_inGap_25_.qasm,0.038461538,0.076923077,0.057692308,,,,,,,,,,,,
,,,,,,,,,,,,,,,
,,,,,,,,,,,,,,,
Rand,Best,Worst,,,,,,,,,,,,,
0.855122216,0.038461538,0.038461538,,,,,,,,,,,,,
0.969581322,0.038461538,0.076923077,,,,,,,,,,,,,
0.860359211,0.115384615,0.115384615,,,,,,,,,,,,,
0.568548247,0.076923077,0.076923077,,,,,,,,,,,,,
0.460694288,0.153846154,0.153846154,,,,,,,,,,,,,
0.472775773,0.038461538,0.076923077,,,,,,,,,,,,,
0.357666362,0.038461538,0.076923077,,,,,,,,,,,,,
0.023546783,0.038461538,0.038461538,,,,,,,,,,,,,
0.978452301,0.076923077,0.076923077,,,,,,,,,,,,,
0.624620733,0.076923077,0.076923077,,,,,,,,,,,,,
0.614383356,0.038461538,0.038461538,,,,,,,,,,,,,
0.818569542,0.115384615,0.115384615,,,,,,,,,,,,,
0.121313368,,,,,,,,,,,,,,,
0.476389971,,,,,,,,,,,,,,,
0.280683387,,,,,,,,,,,,,,,
0.189060341,,,,,,,,,,,,,,,
0.519471747,,,,,,,,,,,,,,,
0.665000665,,,,,,,,,,,,,,,
0.343692863,,,,,,,,,,,,,,,
0.249262711,,,,,,,,,,,,,,,
0.132119031,,,,,,,,,,,,,,,
0.322173899,,,,,,,,,,,,,,,
0.845189104,,,,,,,,,,,,,,,
0.137663545,,,,,,,,,,,,,,,
0.963491761,,,,,,,,,,,,,,,
0.790130529,,,,,,,,,,,,,,,
0.679099457,,,,,,,,,,,,,,,
0.039472365,,,,,,,,,,,,,,,
0.020598248,,,,,,,,,,,,,,,
0.115569994,,,,,,,,,,,,,,,
,,,,,,,,,,,,,,,
,,,,,,,,,,,,,,,
,0.076923077,0.076923077,,0.245014245,0.153846154,0.12962963,0.425925926,,0.248575499,0.153846154,0.037037037,0.425925926,,,
,0.192307692,0.192307692,,,,,,,,,,,,,
,0.923076923,0.923076923,,,,,,,,,,,,,
,0.576923077,0.576923077,,,,,,,,,,,,,
,0.269230769,0.269230769,,,,,,,,,,,,,
,0.192307692,0.192307692,,,,,,,,,,,,,
,0.076923077,0.076923077,,,,,,,,,,,,,
,0.115384615,0.115384615,,,,,,,,,,,,,
,0.230769231,0.230769231,,,,,,,,,,,,,
,0.192307692,0.192307692,,,,,,,,,,,,,
,0.192307692,0.192307692,,,,,,,,,,,,,
,0.692307692,0.692307692,,,,,,,,,,,,,
,0.576923077,0.576923077,,,,,,,,,,,,,
,0.230769231,0.230769231,,,,,,,,,,,,,
,0.153846154,0.153846154,,,,,,,,,,,,,
,0.076923077,0.076923077,,,,,,,,,,,,,
,0.115384615,0.115384615,,,,,,,,,,,,,
,0.038461538,0.076923077,,,,,,,,,,,,,
,0.115384615,0.115384615,,,,,,,,,,,,,
,0.076923077,0.076923077,,,,,,,,,,,,,
,0.076923077,0.076923077,,,,,,,,,,,,,
,0.076923077,0.076923077,,,,,,,,,,,,,
,0.384615385,0.384615385,,,,,,,,,,,,,
,0.769230769,0.769230769,,,,,,,,,,,,,
,0.076923077,0.076923077,,,,,,,,,,,,,
,0.538461538,0.538461538,,,,,,,,,,,,,
,0.269230769,0.269230769,,,,,,,,,,,,,
,0.076923077,0.076923077,,,,,,,,,,,,,
,0.038461538,0.076923077,,,,,,,,,,,,,
,0.153846154,0.153846154,,,,,,,,,,,,,
,0.153846154,0.153846154,,,,,,,,,,,,,
,0.153846154,0.153846154,,,,,,,,,,,,,
,0.615384615,0.615384615,,,,,,,,,,,,,
,0.346153846,0.346153846,,,,,,,,,,,,,
,0.346153846,0.346153846,,,,,,,,,,,,,
,0.076923077,0.076923077,,,,,,,,,,,,,
,0.038461538,0.038461538,,,,,,,,,,,,,
,0.730769231,0.730769231,,,,,,,,,,,,,
,0.346153846,0.346153846,,,,,,,,,,,,,
,0.153846154,0.153846154,,,,,,,,,,,,,
,0.076923077,0.076923077,,,,,,,,,,,,,
,0.153846154,0.153846154,,,,,,,,,,,,,
,0.076923077,0.076923077,,,,,,,,,,,,,
,0.576923077,0.576923077,,,,,,,,,,,,,
,0.269230769,0.269230769,,,,,,,,,,,,,
,0.153846154,0.153846154,,,,,,,,,,,,,
,0.038461538,0.076923077,,,,,,,,,,,,,
,0.076923077,0.076923077,,,,,,,,,,,,,
,0.692307692,0.692307692,,,,,,,,,,,,,
,0.038461538,0.076923077,,,,,,,,,,,,,
,0.346153846,0.346153846,,,,,,,,,,,,,
,0.038461538,0.038461538,,,,,,,,,,,,,
,0.038461538,0.076923077,,,,,,,,,,,,,
,0.115384615,0.115384615,,,,,,,,,,,,,
