Program,best_exam_score,worst_exam_score,avg_exam_score,,,,,,,DStar (Perfect EXAM = 0.0196),,,,,
,,,,,,Average EXAM Best-Case By Gate,Average EXAM Best-Case Overall,Median EXAM Best-Case,% Top 1 Best-Case,% Top 3 Best-Case,Average EXAM Worst-Case By Gate,Average EXAM Worst-Case Overall,Median EXAM Worst-Case,% Top 1 Worst-Case,% Top 3 Worst-Case
AddGate_h_inGap_26_.qasm,0.333333333,0.333333333,0.333333333,,H,0.343713956,0.373490196,0.31372549,0.008,0.08,0.343713956,0.373490196,0.31372549,0.008,0.08
AddGate_h_inGap_27_.qasm,0.31372549,0.31372549,0.31372549,,,,,,,,,,,,
AddGate_h_inGap_28_.qasm,0.62745098,0.62745098,0.62745098,,,,,,,,,,,,
AddGate_h_inGap_29_.qasm,0.31372549,0.31372549,0.31372549,,,,,,,,,,,,
AddGate_h_inGap_30_.qasm,0.470588235,0.470588235,0.470588235,,,,,,,,,,,,
AddGate_h_inGap_31_.qasm,0.450980392,0.450980392,0.450980392,,,,,,,,,,,,
AddGate_h_inGap_37_.qasm,0.254901961,0.254901961,0.254901961,,,,,,,,,,,,
AddGate_h_inGap_38_.qasm,0.215686275,0.215686275,0.215686275,,,,,,,,,,,,
AddGate_h_inGap_39_.qasm,0.176470588,0.176470588,0.176470588,,,,,,,,,,,,
AddGate_h_inGap_40_.qasm,0.156862745,0.156862745,0.156862745,,,,,,,,,,,,
AddGate_h_inGap_41_.qasm,0.274509804,0.274509804,0.274509804,,,,,,,,,,,,
AddGate_h_inGap_42_.qasm,0.274509804,0.274509804,0.274509804,,,,,,,,,,,,
AddGate_h_inGap_43_.qasm,0.62745098,0.62745098,0.62745098,,,,,,,,,,,,
AddGate_h_inGap_44_.qasm,0.235294118,0.235294118,0.235294118,,,,,,,,,,,,
AddGate_h_inGap_45_.qasm,0.607843137,0.607843137,0.607843137,,,,,,,,,,,,
AddGate_h_inGap_46_.qasm,0.254901961,0.254901961,0.254901961,,,,,,,,,,,,
AddGate_h_inGap_47_.qasm,0.254901961,0.254901961,0.254901961,,,,,,,,,,,,
AddGate_ry_inGap_1_.qasm,0.823529412,0.823529412,0.823529412,,RY,0.419117647,,,,,0.419117647,,,,
AddGate_ry_inGap_2_.qasm,0.862745098,0.862745098,0.862745098,,,,,,,,,,,,
AddGate_ry_inGap_32_.qasm,0.450980392,0.450980392,0.450980392,,,,,,,,,,,,
AddGate_ry_inGap_33_.qasm,0.823529412,0.823529412,0.823529412,,,,,,,,,,,,
AddGate_ry_inGap_34_.qasm,0.568627451,0.568627451,0.568627451,,,,,,,,,,,,
AddGate_ry_inGap_35_.qasm,0.352941176,0.352941176,0.352941176,,,,,,,,,,,,
AddGate_ry_inGap_36_.qasm,0.37254902,0.37254902,0.37254902,,,,,,,,,,,,
AddGate_ry_inGap_3_.qasm,0.666666667,0.666666667,0.666666667,,,,,,,,,,,,
AddGate_ry_inGap_48_.qasm,0.058823529,0.058823529,0.058823529,,,,,,,,,,,,
AddGate_ry_inGap_49_.qasm,0.490196078,0.490196078,0.490196078,,,,,,,,,,,,
AddGate_ry_inGap_50_.qasm,0.705882353,0.705882353,0.705882353,,,,,,,,,,,,
AddGate_ry_inGap_51_.qasm,0.098039216,0.098039216,0.098039216,,,,,,,,,,,,
AddGate_ry_inGap_52_.qasm,0.098039216,0.098039216,0.098039216,,,,,,,,,,,,
AddGate_ry_inGap_53_.qasm,0.254901961,0.254901961,0.254901961,,,,,,,,,,,,
AddGate_ry_inGap_54_.qasm,0.039215686,0.039215686,0.039215686,,,,,,,,,,,,
AddGate_ry_inGap_55_.qasm,0.039215686,0.039215686,0.039215686,,,,,,,,,,,,
AddGate_x_inGap_1_.qasm,0.666666667,0.666666667,0.666666667,,X,0.339025933,,,,,0.339025933,,,,
AddGate_x_inGap_20_.qasm,0.62745098,0.62745098,0.62745098,,,,,,,,,,,,
AddGate_x_inGap_21_.qasm,0.431372549,0.431372549,0.431372549,,,,,,,,,,,,
AddGate_x_inGap_22_.qasm,0.647058824,0.647058824,0.647058824,,,,,,,,,,,,
AddGate_x_inGap_23_.qasm,0.62745098,0.62745098,0.62745098,,,,,,,,,,,,
AddGate_x_inGap_24_.qasm,0.647058824,0.647058824,0.647058824,,,,,,,,,,,,
AddGate_x_inGap_25_.qasm,0.647058824,0.647058824,0.647058824,,,,,,,,,,,,
AddGate_x_inGap_26_.qasm,0.333333333,0.333333333,0.333333333,,,,,,,,,,,,
AddGate_x_inGap_27_.qasm,0.274509804,0.274509804,0.274509804,,,,,,,,,,,,
AddGate_x_inGap_28_.qasm,0.549019608,0.549019608,0.549019608,,,,,,,,,,,,
AddGate_x_inGap_29_.qasm,0.274509804,0.274509804,0.274509804,,,,,,,,,,,,
AddGate_x_inGap_2_.qasm,0.666666667,0.666666667,0.666666667,,,,,,,,,,,,
AddGate_x_inGap_30_.qasm,0.31372549,0.31372549,0.31372549,,,,,,,,,,,,
AddGate_x_inGap_31_.qasm,0.31372549,0.31372549,0.31372549,,,,,,,,,,,,
AddGate_x_inGap_32_.qasm,0.274509804,0.274509804,0.274509804,,,,,,,,,,,,
AddGate_x_inGap_33_.qasm,0.294117647,0.294117647,0.294117647,,,,,,,,,,,,
AddGate_x_inGap_34_.qasm,0.235294118,0.235294118,0.235294118,,,,,,,,,,,,
AddGate_x_inGap_35_.qasm,0.254901961,0.254901961,0.254901961,,,,,,,,,,,,
AddGate_x_inGap_36_.qasm,0.215686275,0.215686275,0.215686275,,,,,,,,,,,,
AddGate_x_inGap_37_.qasm,0.215686275,0.215686275,0.215686275,,,,,,,,,,,,
AddGate_x_inGap_38_.qasm,0.078431373,0.078431373,0.078431373,,,,,,,,,,,,
AddGate_x_inGap_39_.qasm,0.098039216,0.098039216,0.098039216,,,,,,,,,,,,
AddGate_x_inGap_3_.qasm,0.647058824,0.647058824,0.647058824,,,,,,,,,,,,
AddGate_x_inGap_40_.qasm,0.098039216,0.098039216,0.098039216,,,,,,,,,,,,
AddGate_x_inGap_41_.qasm,0.235294118,0.235294118,0.235294118,,,,,,,,,,,,
AddGate_x_inGap_42_.qasm,0.078431373,0.078431373,0.078431373,,,,,,,,,,,,
AddGate_x_inGap_43_.qasm,0.254901961,0.254901961,0.254901961,,,,,,,,,,,,
AddGate_x_inGap_44_.qasm,0.098039216,0.098039216,0.098039216,,,,,,,,,,,,
AddGate_x_inGap_45_.qasm,0.274509804,0.274509804,0.274509804,,,,,,,,,,,,
AddGate_x_inGap_46_.qasm,0.098039216,0.098039216,0.098039216,,,,,,,,,,,,
AddGate_x_inGap_47_.qasm,0.039215686,0.039215686,0.039215686,,,,,,,,,,,,
AddGate_y_inGap_10_.qasm,0.666666667,0.666666667,0.666666667,,Y,0.404278075,,,,,0.404278075,,,,
AddGate_y_inGap_11_.qasm,0.647058824,0.647058824,0.647058824,,,,,,,,,,,,
AddGate_y_inGap_12_.qasm,0.647058824,0.647058824,0.647058824,,,,,,,,,,,,
AddGate_y_inGap_13_.qasm,0.666666667,0.666666667,0.666666667,,,,,,,,,,,,
AddGate_y_inGap_14_.qasm,0.647058824,0.647058824,0.647058824,,,,,,,,,,,,
AddGate_y_inGap_15_.qasm,0.647058824,0.647058824,0.647058824,,,,,,,,,,,,
AddGate_y_inGap_16_.qasm,0.647058824,0.647058824,0.647058824,,,,,,,,,,,,
AddGate_y_inGap_17_.qasm,0.647058824,0.647058824,0.647058824,,,,,,,,,,,,
AddGate_y_inGap_18_.qasm,0.607843137,0.607843137,0.607843137,,,,,,,,,,,,
AddGate_y_inGap_19_.qasm,0.62745098,0.62745098,0.62745098,,,,,,,,,,,,
AddGate_y_inGap_1_.qasm,0.68627451,0.68627451,0.68627451,,,,,,,,,,,,
AddGate_y_inGap_20_.qasm,0.647058824,0.647058824,0.647058824,,,,,,,,,,,,
AddGate_y_inGap_21_.qasm,0.607843137,0.607843137,0.607843137,,,,,,,,,,,,
AddGate_y_inGap_22_.qasm,0.647058824,0.647058824,0.647058824,,,,,,,,,,,,
AddGate_y_inGap_23_.qasm,0.647058824,0.647058824,0.647058824,,,,,,,,,,,,
AddGate_y_inGap_24_.qasm,0.509803922,0.509803922,0.509803922,,,,,,,,,,,,
AddGate_y_inGap_25_.qasm,0.568627451,0.568627451,0.568627451,,,,,,,,,,,,
AddGate_y_inGap_26_.qasm,0.411764706,0.411764706,0.411764706,,,,,,,,,,,,
AddGate_y_inGap_27_.qasm,0.411764706,0.411764706,0.411764706,,,,,,,,,,,,
AddGate_y_inGap_28_.qasm,0.37254902,0.37254902,0.37254902,,,,,,,,,,,,
AddGate_y_inGap_29_.qasm,0.352941176,0.352941176,0.352941176,,,,,,,,,,,,
AddGate_y_inGap_2_.qasm,0.666666667,0.666666667,0.666666667,,,,,,,,,,,,
AddGate_y_inGap_30_.qasm,0.352941176,0.352941176,0.352941176,,,,,,,,,,,,
AddGate_y_inGap_31_.qasm,0.333333333,0.333333333,0.333333333,,,,,,,,,,,,
AddGate_y_inGap_32_.qasm,0.352941176,0.352941176,0.352941176,,,,,,,,,,,,
AddGate_y_inGap_33_.qasm,0.294117647,0.294117647,0.294117647,,,,,,,,,,,,
AddGate_y_inGap_34_.qasm,0.274509804,0.274509804,0.274509804,,,,,,,,,,,,
AddGate_y_inGap_35_.qasm,0.274509804,0.274509804,0.274509804,,,,,,,,,,,,
AddGate_y_inGap_36_.qasm,0.254901961,0.254901961,0.254901961,,,,,,,,,,,,
AddGate_y_inGap_37_.qasm,0.274509804,0.274509804,0.274509804,,,,,,,,,,,,
AddGate_y_inGap_38_.qasm,0.274509804,0.274509804,0.274509804,,,,,,,,,,,,
AddGate_y_inGap_39_.qasm,0.274509804,0.274509804,0.274509804,,,,,,,,,,,,
AddGate_y_inGap_3_.qasm,0.68627451,0.68627451,0.68627451,,,,,,,,,,,,
AddGate_y_inGap_40_.qasm,0.254901961,0.254901961,0.254901961,,,,,,,,,,,,
AddGate_y_inGap_41_.qasm,0.215686275,0.215686275,0.215686275,,,,,,,,,,,,
AddGate_y_inGap_42_.qasm,0.196078431,0.196078431,0.196078431,,,,,,,,,,,,
AddGate_y_inGap_43_.qasm,0.098039216,0.098039216,0.098039216,,,,,,,,,,,,
AddGate_y_inGap_44_.qasm,0.117647059,0.117647059,0.117647059,,,,,,,,,,,,
AddGate_y_inGap_45_.qasm,0.098039216,0.098039216,0.098039216,,,,,,,,,,,,
AddGate_y_inGap_46_.qasm,0.078431373,0.078431373,0.078431373,,,,,,,,,,,,
AddGate_y_inGap_47_.qasm,0.039215686,0.039215686,0.039215686,,,,,,,,,,,,
AddGate_y_inGap_48_.qasm,0.078431373,0.078431373,0.078431373,,,,,,,,,,,,
AddGate_y_inGap_49_.qasm,0.019607843,0.019607843,0.019607843,,,,,,,,,,,,
AddGate_y_inGap_4_.qasm,0.68627451,0.68627451,0.68627451,,,,,,,,,,,,
AddGate_y_inGap_50_.qasm,0.039215686,0.039215686,0.039215686,,,,,,,,,,,,
AddGate_y_inGap_51_.qasm,0.117647059,0.117647059,0.117647059,,,,,,,,,,,,
AddGate_y_inGap_52_.qasm,0.078431373,0.078431373,0.078431373,,,,,,,,,,,,
AddGate_y_inGap_53_.qasm,0.058823529,0.058823529,0.058823529,,,,,,,,,,,,
AddGate_y_inGap_54_.qasm,0.039215686,0.039215686,0.039215686,,,,,,,,,,,,
AddGate_y_inGap_55_.qasm,0.039215686,0.039215686,0.039215686,,,,,,,,,,,,
AddGate_y_inGap_5_.qasm,0.666666667,0.666666667,0.666666667,,,,,,,,,,,,
AddGate_y_inGap_6_.qasm,0.68627451,0.68627451,0.68627451,,,,,,,,,,,,
AddGate_y_inGap_7_.qasm,0.666666667,0.666666667,0.666666667,,,,,,,,,,,,
AddGate_y_inGap_8_.qasm,0.666666667,0.666666667,0.666666667,,,,,,,,,,,,
AddGate_y_inGap_9_.qasm,0.666666667,0.666666667,0.666666667,,,,,,,,,,,,
AddGate_z_inGap_37_.qasm,0.117647059,0.117647059,0.117647059,,Z,0.232026144,,,,,0.232026144,,,,
AddGate_z_inGap_38_.qasm,0.294117647,0.294117647,0.294117647,,,,,,,,,,,,
AddGate_z_inGap_39_.qasm,0.274509804,0.274509804,0.274509804,,,,,,,,,,,,
AddGate_z_inGap_40_.qasm,0.31372549,0.31372549,0.31372549,,,,,,,,,,,,
AddGate_z_inGap_41_.qasm,0.117647059,0.117647059,0.117647059,,,,,,,,,,,,
AddGate_z_inGap_42_.qasm,0.274509804,0.274509804,0.274509804,,,,,,,,,,,,
,,,,,,,,,,,,,,,
,,,,,,,,,,,,,,,
,,,,,,,,,,,,,,,
Rand,Best,Worst,,,,,,,,,,,,,
0.979353487,0.31372549,0.31372549,,,,,,,,,,,,,
0.75865148,0.274509804,0.274509804,,,,,,,,,,,,,
0.931530628,0.294117647,0.294117647,,,,,,,,,,,,,
0.204366615,0.274509804,0.274509804,,,,,,,,,,,,,
0.091932409,0.117647059,0.117647059,,,,,,,,,,,,,
0.850112751,0.117647059,0.117647059,,,,,,,,,,,,,
0.195424739,,,,,,,,,,,,,,,
0.298239303,,,,,,,,,,,,,,,
0.443249648,,,,,,,,,,,,,,,
0.829924354,,,,,,,,,,,,,,,
0.502486644,,,,,,,,,,,,,,,
0.011159364,,,,,,,,,,,,,,,
0.727288508,,,,,,,,,,,,,,,
0.928308367,,,,,,,,,,,,,,,
0.250062161,,,,,,,,,,,,,,,
0.953252504,,,,,,,,,,,,,,,
0.831281041,,,,,,,,,,,,,,,
0.622739264,,,,,,,,,,,,,,,
0.905975636,,,,,,,,,,,,,,,
0.199510748,,,,,,,,,,,,,,,
0.568715466,,,,,,,,,,,,,,,
0.080451428,,,,,,,,,,,,,,,
0.22669554,,,,,,,,,,,,,,,
0.659467488,,,,,,,,,,,,,,,
0.13245486,,,,,,,,,,,,,,,
0.752633087,,,,,,,,,,,,,,,
0.509182804,,,,,,,,,,,,,,,
0.441423747,,,,,,,,,,,,,,,
0.503216283,,,,,,,,,,,,,,,
0.38052651,,,,,,,,,,,,,,,
0.643333084,,,,,,,,,,,,,,,
0.392670371,,,,,,,,,,,,,,,
0.104125812,,,,,,,,,,,,,,,
0.610266535,,,,,,,,,,,,,,,
0.960982285,,,,,,,,,,,,,,,
0.585670359,,,,,,,,,,,,,,,
0.412619058,,,,,,,,,,,,,,,
0.665321711,,,,,,,,,,,,,,,
0.052681923,,,,,,,,,,,,,,,
0.07721447,,,,,,,,,,,,,,,
0.876046477,,,,,,,,,,,,,,,
0.143867018,,,,,,,,,,,,,,,
0.291328781,,,,,,,,,,,,,,,
0.480407325,,,,,,,,,,,,,,,
0.140388031,,,,,,,,,,,,,,,
0.43104332,,,,,,,,,,,,,,,
0.57079437,,,,,,,,,,,,,,,
0.31711173,,,,,,,,,,,,,,,
0.111631739,,,,,,,,,,,,,,,
0.036176063,,,,,,,,,,,,,,,
0.485735156,,,,,,,,,,,,,,,
0.528670917,,,,,,,,,,,,,,,
0.214008849,,,,,,,,,,,,,,,
0.232449328,,,,,,,,,,,,,,,
0.617690609,,,,,,,,,,,,,,,
,,,,,,,,,,,,,,,
,,,,,,,,,,,,,,,
,0.31372549,0.31372549,,0.304575163,0.274509804,0,0.066666667,,0.304575163,0.274509804,0,0.066666667,,,
,0.274509804,0.274509804,,,,,,,,,,,,,
,0.62745098,0.62745098,,,,,,,,,,,,,
,0.058823529,0.058823529,,,,,,,,,,,,,
,0.37254902,0.37254902,,,,,,,,,,,,,
,0.098039216,0.098039216,,,,,,,,,,,,,
,0.274509804,0.274509804,,,,,,,,,,,,,
,0.274509804,0.274509804,,,,,,,,,,,,,
,0.078431373,0.078431373,,,,,,,,,,,,,
,0.274509804,0.274509804,,,,,,,,,,,,,
,0.68627451,0.68627451,,,,,,,,,,,,,
,0.352941176,0.352941176,,,,,,,,,,,,,
,0.31372549,0.31372549,,,,,,,,,,,,,
,0.274509804,0.274509804,,,,,,,,,,,,,
,0.294117647,0.294117647,,,,,,,,,,,,,
