Program,best_exam_score,worst_exam_score,avg_exam_score,,,,,,,DStar (Perfect EXAM = 0.0476),,,,,
,,,,,,Average EXAM Best-Case By Gate,Average EXAM Best-Case Overall,Median EXAM Best-Case,% Top 1 Best-Case,% Top 3 Best-Case,Average EXAM Worst-Case By Gate,Average EXAM Worst-Case Overall,Median EXAM Worst-Case,% Top 1 Worst-Case,% Top 3 Worst-Case
AddGate_ccx_inGap_10_.qasm,0.19047619,0.19047619,0.19047619,,CCX,0.149659864,0.544804503,0.571428571,0.031948882,0.111821086,0.149659864,0.544804503,0.571428571,0.031948882,0.111821086
AddGate_ccx_inGap_11_.qasm,0.333333333,0.333333333,0.333333333,,,,,,,,,,,,
AddGate_ccx_inGap_12_.qasm,0.142857143,0.142857143,0.142857143,,,,,,,,,,,,
AddGate_ccx_inGap_13_.qasm,0.238095238,0.238095238,0.238095238,,,,,,,,,,,,
AddGate_ccx_inGap_14_.qasm,0.047619048,0.047619048,0.047619048,,,,,,,,,,,,
AddGate_ccx_inGap_15_.qasm,0.095238095,0.095238095,0.095238095,,,,,,,,,,,,
AddGate_ccx_inGap_16_.qasm,0.095238095,0.095238095,0.095238095,,,,,,,,,,,,
AddGate_ccx_inGap_17_.qasm,0.095238095,0.095238095,0.095238095,,,,,,,,,,,,
AddGate_ccx_inGap_18_.qasm,0.095238095,0.095238095,0.095238095,,,,,,,,,,,,
AddGate_ccx_inGap_19_.qasm,0.047619048,0.047619048,0.047619048,,,,,,,,,,,,
AddGate_ccx_inGap_20_.qasm,0.047619048,0.047619048,0.047619048,,,,,,,,,,,,
AddGate_ccx_inGap_7_.qasm,0.238095238,0.238095238,0.238095238,,,,,,,,,,,,
AddGate_ccx_inGap_8_.qasm,0.19047619,0.19047619,0.19047619,,,,,,,,,,,,
AddGate_ccx_inGap_9_.qasm,0.238095238,0.238095238,0.238095238,,,,,,,,,,,,
AddGate_cswap_inGap_10_.qasm,0.19047619,0.19047619,0.19047619,,CSWAP,0.153061224,,,,,0.153061224,,,,
AddGate_cswap_inGap_11_.qasm,0.238095238,0.238095238,0.238095238,,,,,,,,,,,,
AddGate_cswap_inGap_12_.qasm,0.142857143,0.142857143,0.142857143,,,,,,,,,,,,
AddGate_cswap_inGap_13_.qasm,0.095238095,0.095238095,0.095238095,,,,,,,,,,,,
AddGate_cswap_inGap_14_.qasm,0.095238095,0.095238095,0.095238095,,,,,,,,,,,,
AddGate_cswap_inGap_15_.qasm,0.047619048,0.047619048,0.047619048,,,,,,,,,,,,
AddGate_cswap_inGap_16_.qasm,0.047619048,0.047619048,0.047619048,,,,,,,,,,,,
AddGate_cswap_inGap_17_.qasm,0.095238095,0.095238095,0.095238095,,,,,,,,,,,,
AddGate_cswap_inGap_18_.qasm,0.095238095,0.095238095,0.095238095,,,,,,,,,,,,
AddGate_cswap_inGap_19_.qasm,0.095238095,0.095238095,0.095238095,,,,,,,,,,,,
AddGate_cswap_inGap_20_.qasm,0.095238095,0.095238095,0.095238095,,,,,,,,,,,,
AddGate_cswap_inGap_7_.qasm,0.380952381,0.380952381,0.380952381,,,,,,,,,,,,
AddGate_cswap_inGap_8_.qasm,0.19047619,0.19047619,0.19047619,,,,,,,,,,,,
AddGate_cswap_inGap_9_.qasm,0.333333333,0.333333333,0.333333333,,,,,,,,,,,,
AddGate_cx_inGap_10_.qasm,0.380952381,0.380952381,0.380952381,,CX,0.421428571,,,,,0.421428571,,,,
AddGate_cx_inGap_11_.qasm,0.095238095,0.095238095,0.095238095,,,,,,,,,,,,
AddGate_cx_inGap_12_.qasm,0.428571429,0.428571429,0.428571429,,,,,,,,,,,,
AddGate_cx_inGap_13_.qasm,0.095238095,0.095238095,0.095238095,,,,,,,,,,,,
AddGate_cx_inGap_14_.qasm,0.666666667,0.666666667,0.666666667,,,,,,,,,,,,
AddGate_cx_inGap_15_.qasm,1,1,1,,,,,,,,,,,,
AddGate_cx_inGap_16_.qasm,0.523809524,0.523809524,0.523809524,,,,,,,,,,,,
AddGate_cx_inGap_17_.qasm,0.619047619,0.619047619,0.619047619,,,,,,,,,,,,
AddGate_cx_inGap_18_.qasm,0.666666667,0.666666667,0.666666667,,,,,,,,,,,,
AddGate_cx_inGap_19_.qasm,0.476190476,0.476190476,0.476190476,,,,,,,,,,,,
AddGate_cx_inGap_1_.qasm,0.428571429,0.428571429,0.428571429,,,,,,,,,,,,
AddGate_cx_inGap_20_.qasm,0.714285714,0.714285714,0.714285714,,,,,,,,,,,,
AddGate_cx_inGap_2_.qasm,0.428571429,0.428571429,0.428571429,,,,,,,,,,,,
AddGate_cx_inGap_3_.qasm,0.380952381,0.380952381,0.380952381,,,,,,,,,,,,
AddGate_cx_inGap_4_.qasm,0.333333333,0.333333333,0.333333333,,,,,,,,,,,,
AddGate_cx_inGap_5_.qasm,0.380952381,0.380952381,0.380952381,,,,,,,,,,,,
AddGate_cx_inGap_6_.qasm,0.095238095,0.095238095,0.095238095,,,,,,,,,,,,
AddGate_cx_inGap_7_.qasm,0.142857143,0.142857143,0.142857143,,,,,,,,,,,,
AddGate_cx_inGap_8_.qasm,0.428571429,0.428571429,0.428571429,,,,,,,,,,,,
AddGate_cx_inGap_9_.qasm,0.142857143,0.142857143,0.142857143,,,,,,,,,,,,
AddGate_cz_inGap_10_.qasm,0.238095238,0.238095238,0.238095238,,CZ,0.355555556,,,,,0.355555556,,,,
AddGate_cz_inGap_11_.qasm,0.238095238,0.238095238,0.238095238,,,,,,,,,,,,
AddGate_cz_inGap_12_.qasm,0.142857143,0.142857143,0.142857143,,,,,,,,,,,,
AddGate_cz_inGap_13_.qasm,0.380952381,0.380952381,0.380952381,,,,,,,,,,,,
AddGate_cz_inGap_14_.qasm,0.380952381,0.380952381,0.380952381,,,,,,,,,,,,
AddGate_cz_inGap_15_.qasm,0.714285714,0.714285714,0.714285714,,,,,,,,,,,,
AddGate_cz_inGap_1_.qasm,0.619047619,0.619047619,0.619047619,,,,,,,,,,,,
AddGate_cz_inGap_2_.qasm,0.333333333,0.333333333,0.333333333,,,,,,,,,,,,
AddGate_cz_inGap_3_.qasm,0.619047619,0.619047619,0.619047619,,,,,,,,,,,,
AddGate_cz_inGap_4_.qasm,0.380952381,0.380952381,0.380952381,,,,,,,,,,,,
AddGate_cz_inGap_5_.qasm,0.476190476,0.476190476,0.476190476,,,,,,,,,,,,
AddGate_cz_inGap_6_.qasm,0.428571429,0.428571429,0.428571429,,,,,,,,,,,,
AddGate_cz_inGap_7_.qasm,0.047619048,0.047619048,0.047619048,,,,,,,,,,,,
AddGate_cz_inGap_8_.qasm,0.238095238,0.238095238,0.238095238,,,,,,,,,,,,
AddGate_cz_inGap_9_.qasm,0.095238095,0.095238095,0.095238095,,,,,,,,,,,,
AddGate_h_inGap_10_.qasm,0.80952381,0.80952381,0.80952381,,H,0.773809524,,,,,0.773809524,,,,
AddGate_h_inGap_11_.qasm,0.523809524,0.523809524,0.523809524,,,,,,,,,,,,
AddGate_h_inGap_12_.qasm,1,1,1,,,,,,,,,,,,
AddGate_h_inGap_13_.qasm,0.761904762,0.761904762,0.761904762,,,,,,,,,,,,
AddGate_h_inGap_14_.qasm,1,1,1,,,,,,,,,,,,
AddGate_h_inGap_15_.qasm,1,1,1,,,,,,,,,,,,
AddGate_h_inGap_16_.qasm,0.761904762,0.761904762,0.761904762,,,,,,,,,,,,
AddGate_h_inGap_17_.qasm,0.761904762,0.761904762,0.761904762,,,,,,,,,,,,
AddGate_h_inGap_18_.qasm,0.761904762,0.761904762,0.761904762,,,,,,,,,,,,
AddGate_h_inGap_19_.qasm,0.857142857,0.857142857,0.857142857,,,,,,,,,,,,
AddGate_h_inGap_1_.qasm,0.80952381,0.80952381,0.80952381,,,,,,,,,,,,
AddGate_h_inGap_20_.qasm,0.904761905,0.904761905,0.904761905,,,,,,,,,,,,
AddGate_h_inGap_2_.qasm,0.761904762,0.761904762,0.761904762,,,,,,,,,,,,
AddGate_h_inGap_3_.qasm,0.761904762,0.761904762,0.761904762,,,,,,,,,,,,
AddGate_h_inGap_4_.qasm,0.761904762,0.761904762,0.761904762,,,,,,,,,,,,
AddGate_h_inGap_5_.qasm,0.666666667,0.666666667,0.666666667,,,,,,,,,,,,
AddGate_h_inGap_6_.qasm,0.619047619,0.619047619,0.619047619,,,,,,,,,,,,
AddGate_h_inGap_7_.qasm,0.619047619,0.619047619,0.619047619,,,,,,,,,,,,
AddGate_h_inGap_8_.qasm,0.80952381,0.80952381,0.80952381,,,,,,,,,,,,
AddGate_h_inGap_9_.qasm,0.523809524,0.523809524,0.523809524,,,,,,,,,,,,
AddGate_p_inGap_10_.qasm,0.666666667,0.666666667,0.666666667,,P,0.492063492,,,,,0.492063492,,,,
AddGate_p_inGap_11_.qasm,0.19047619,0.19047619,0.19047619,,,,,,,,,,,,
AddGate_p_inGap_12_.qasm,0.19047619,0.19047619,0.19047619,,,,,,,,,,,,
AddGate_p_inGap_13_.qasm,0.714285714,0.714285714,0.714285714,,,,,,,,,,,,
AddGate_p_inGap_14_.qasm,0.952380952,0.952380952,0.952380952,,,,,,,,,,,,
AddGate_p_inGap_15_.qasm,0.428571429,0.428571429,0.428571429,,,,,,,,,,,,
AddGate_p_inGap_1_.qasm,0.761904762,0.761904762,0.761904762,,,,,,,,,,,,
AddGate_p_inGap_2_.qasm,0.428571429,0.428571429,0.428571429,,,,,,,,,,,,
AddGate_p_inGap_3_.qasm,0.523809524,0.523809524,0.523809524,,,,,,,,,,,,
AddGate_p_inGap_4_.qasm,0.238095238,0.238095238,0.238095238,,,,,,,,,,,,
AddGate_p_inGap_5_.qasm,0.428571429,0.428571429,0.428571429,,,,,,,,,,,,
AddGate_p_inGap_6_.qasm,0.571428571,0.571428571,0.571428571,,,,,,,,,,,,
AddGate_p_inGap_7_.qasm,0.19047619,0.19047619,0.19047619,,,,,,,,,,,,
AddGate_p_inGap_8_.qasm,0.80952381,0.80952381,0.80952381,,,,,,,,,,,,
AddGate_p_inGap_9_.qasm,0.285714286,0.285714286,0.285714286,,,,,,,,,,,,
AddGate_rx_inGap_10_.qasm,0.857142857,0.857142857,0.857142857,,RX ,0.733333333,,,,,0.733333333,,,,
AddGate_rx_inGap_11_.qasm,0.523809524,0.523809524,0.523809524,,,,,,,,,,,,
AddGate_rx_inGap_12_.qasm,1,1,1,,,,,,,,,,,,
AddGate_rx_inGap_13_.qasm,0.761904762,0.761904762,0.761904762,,,,,,,,,,,,
AddGate_rx_inGap_14_.qasm,1,1,1,,,,,,,,,,,,
AddGate_rx_inGap_15_.qasm,1,1,1,,,,,,,,,,,,
AddGate_rx_inGap_16_.qasm,0.285714286,0.285714286,0.285714286,,,,,,,,,,,,
AddGate_rx_inGap_17_.qasm,0.380952381,0.380952381,0.380952381,,,,,,,,,,,,
AddGate_rx_inGap_18_.qasm,0.142857143,0.142857143,0.142857143,,,,,,,,,,,,
AddGate_rx_inGap_19_.qasm,0.428571429,0.428571429,0.428571429,,,,,,,,,,,,
AddGate_rx_inGap_1_.qasm,0.80952381,0.80952381,0.80952381,,,,,,,,,,,,
AddGate_rx_inGap_20_.qasm,0.952380952,0.952380952,0.952380952,,,,,,,,,,,,
AddGate_rx_inGap_2_.qasm,0.761904762,0.761904762,0.761904762,,,,,,,,,,,,
AddGate_rx_inGap_3_.qasm,0.80952381,0.80952381,0.80952381,,,,,,,,,,,,
AddGate_rx_inGap_4_.qasm,0.80952381,0.80952381,0.80952381,,,,,,,,,,,,
AddGate_rx_inGap_5_.qasm,0.761904762,0.761904762,0.761904762,,,,,,,,,,,,
AddGate_rx_inGap_6_.qasm,0.761904762,0.761904762,0.761904762,,,,,,,,,,,,
AddGate_rx_inGap_7_.qasm,0.80952381,0.80952381,0.80952381,,,,,,,,,,,,
AddGate_rx_inGap_8_.qasm,1,1,1,,,,,,,,,,,,
AddGate_rx_inGap_9_.qasm,0.80952381,0.80952381,0.80952381,,,,,,,,,,,,
AddGate_rxx_inGap_10_.qasm,0.142857143,0.142857143,0.142857143,,RXX,0.416666667,,,,,0.416666667,,,,
AddGate_rxx_inGap_11_.qasm,0.285714286,0.285714286,0.285714286,,,,,,,,,,,,
AddGate_rxx_inGap_12_.qasm,0.523809524,0.523809524,0.523809524,,,,,,,,,,,,
AddGate_rxx_inGap_13_.qasm,0.095238095,0.095238095,0.095238095,,,,,,,,,,,,
AddGate_rxx_inGap_14_.qasm,1,1,1,,,,,,,,,,,,
AddGate_rxx_inGap_15_.qasm,0.523809524,0.523809524,0.523809524,,,,,,,,,,,,
AddGate_rxx_inGap_16_.qasm,0.238095238,0.238095238,0.238095238,,,,,,,,,,,,
AddGate_rxx_inGap_17_.qasm,0.238095238,0.238095238,0.238095238,,,,,,,,,,,,
AddGate_rxx_inGap_18_.qasm,0.047619048,0.047619048,0.047619048,,,,,,,,,,,,
AddGate_rxx_inGap_19_.qasm,0.047619048,0.047619048,0.047619048,,,,,,,,,,,,
AddGate_rxx_inGap_1_.qasm,0.714285714,0.714285714,0.714285714,,,,,,,,,,,,
AddGate_rxx_inGap_20_.qasm,0.333333333,0.333333333,0.333333333,,,,,,,,,,,,
AddGate_rxx_inGap_2_.qasm,0.761904762,0.761904762,0.761904762,,,,,,,,,,,,
AddGate_rxx_inGap_3_.qasm,0.761904762,0.761904762,0.761904762,,,,,,,,,,,,
AddGate_rxx_inGap_4_.qasm,0.523809524,0.523809524,0.523809524,,,,,,,,,,,,
AddGate_rxx_inGap_5_.qasm,0.428571429,0.428571429,0.428571429,,,,,,,,,,,,
AddGate_rxx_inGap_6_.qasm,0.571428571,0.571428571,0.571428571,,,,,,,,,,,,
AddGate_rxx_inGap_7_.qasm,0.19047619,0.19047619,0.19047619,,,,,,,,,,,,
AddGate_rxx_inGap_8_.qasm,0.571428571,0.571428571,0.571428571,,,,,,,,,,,,
AddGate_rxx_inGap_9_.qasm,0.333333333,0.333333333,0.333333333,,,,,,,,,,,,
AddGate_ry_inGap_10_.qasm,0.476190476,0.476190476,0.476190476,,RY,0.719047619,,,,,0.719047619,,,,
AddGate_ry_inGap_11_.qasm,0.285714286,0.285714286,0.285714286,,,,,,,,,,,,
AddGate_ry_inGap_12_.qasm,0.904761905,0.904761905,0.904761905,,,,,,,,,,,,
AddGate_ry_inGap_13_.qasm,0.761904762,0.761904762,0.761904762,,,,,,,,,,,,
AddGate_ry_inGap_14_.qasm,0.761904762,0.761904762,0.761904762,,,,,,,,,,,,
AddGate_ry_inGap_15_.qasm,0.857142857,0.857142857,0.857142857,,,,,,,,,,,,
AddGate_ry_inGap_16_.qasm,0.761904762,0.761904762,0.761904762,,,,,,,,,,,,
AddGate_ry_inGap_17_.qasm,0.714285714,0.714285714,0.714285714,,,,,,,,,,,,
AddGate_ry_inGap_18_.qasm,0.80952381,0.80952381,0.80952381,,,,,,,,,,,,
AddGate_ry_inGap_19_.qasm,0.857142857,0.857142857,0.857142857,,,,,,,,,,,,
AddGate_ry_inGap_1_.qasm,0.761904762,0.761904762,0.761904762,,,,,,,,,,,,
AddGate_ry_inGap_20_.qasm,0.238095238,0.238095238,0.238095238,,,,,,,,,,,,
AddGate_ry_inGap_2_.qasm,0.761904762,0.761904762,0.761904762,,,,,,,,,,,,
AddGate_ry_inGap_3_.qasm,0.80952381,0.80952381,0.80952381,,,,,,,,,,,,
AddGate_ry_inGap_4_.qasm,0.761904762,0.761904762,0.761904762,,,,,,,,,,,,
AddGate_ry_inGap_5_.qasm,0.761904762,0.761904762,0.761904762,,,,,,,,,,,,
AddGate_ry_inGap_6_.qasm,0.761904762,0.761904762,0.761904762,,,,,,,,,,,,
AddGate_ry_inGap_7_.qasm,0.761904762,0.761904762,0.761904762,,,,,,,,,,,,
AddGate_ry_inGap_8_.qasm,0.857142857,0.857142857,0.857142857,,,,,,,,,,,,
AddGate_ry_inGap_9_.qasm,0.714285714,0.714285714,0.714285714,,,,,,,,,,,,
AddGate_rz_inGap_10_.qasm,0.80952381,0.80952381,0.80952381,,RZ ,0.422222222,,,,,0.422222222,,,,
AddGate_rz_inGap_11_.qasm,0.476190476,0.476190476,0.476190476,,,,,,,,,,,,
AddGate_rz_inGap_12_.qasm,0.476190476,0.476190476,0.476190476,,,,,,,,,,,,
AddGate_rz_inGap_13_.qasm,0.285714286,0.285714286,0.285714286,,,,,,,,,,,,
AddGate_rz_inGap_14_.qasm,0.238095238,0.238095238,0.238095238,,,,,,,,,,,,
AddGate_rz_inGap_15_.qasm,0.285714286,0.285714286,0.285714286,,,,,,,,,,,,
AddGate_rz_inGap_1_.qasm,0.761904762,0.761904762,0.761904762,,,,,,,,,,,,
AddGate_rz_inGap_2_.qasm,0.380952381,0.380952381,0.380952381,,,,,,,,,,,,
AddGate_rz_inGap_3_.qasm,0.380952381,0.380952381,0.380952381,,,,,,,,,,,,
AddGate_rz_inGap_4_.qasm,0.238095238,0.238095238,0.238095238,,,,,,,,,,,,
AddGate_rz_inGap_5_.qasm,0.333333333,0.333333333,0.333333333,,,,,,,,,,,,
AddGate_rz_inGap_6_.qasm,0.476190476,0.476190476,0.476190476,,,,,,,,,,,,
AddGate_rz_inGap_7_.qasm,0.19047619,0.19047619,0.19047619,,,,,,,,,,,,
AddGate_rz_inGap_8_.qasm,0.761904762,0.761904762,0.761904762,,,,,,,,,,,,
AddGate_rz_inGap_9_.qasm,0.238095238,0.238095238,0.238095238,,,,,,,,,,,,
AddGate_rzz_inGap_10_.qasm,0.238095238,0.238095238,0.238095238,,RZZ,0.488888889,,,,,0.488888889,,,,
AddGate_rzz_inGap_11_.qasm,0.285714286,0.285714286,0.285714286,,,,,,,,,,,,
AddGate_rzz_inGap_12_.qasm,0.380952381,0.380952381,0.380952381,,,,,,,,,,,,
AddGate_rzz_inGap_13_.qasm,0.904761905,0.904761905,0.904761905,,,,,,,,,,,,
AddGate_rzz_inGap_14_.qasm,0.571428571,0.571428571,0.571428571,,,,,,,,,,,,
AddGate_rzz_inGap_15_.qasm,0.761904762,0.761904762,0.761904762,,,,,,,,,,,,
AddGate_rzz_inGap_1_.qasm,0.761904762,0.761904762,0.761904762,,,,,,,,,,,,
AddGate_rzz_inGap_2_.qasm,0.714285714,0.714285714,0.714285714,,,,,,,,,,,,
AddGate_rzz_inGap_3_.qasm,0.761904762,0.761904762,0.761904762,,,,,,,,,,,,
AddGate_rzz_inGap_4_.qasm,0.238095238,0.238095238,0.238095238,,,,,,,,,,,,
AddGate_rzz_inGap_5_.qasm,0.19047619,0.19047619,0.19047619,,,,,,,,,,,,
AddGate_rzz_inGap_6_.qasm,0.428571429,0.428571429,0.428571429,,,,,,,,,,,,
AddGate_rzz_inGap_7_.qasm,0.095238095,0.095238095,0.095238095,,,,,,,,,,,,
AddGate_rzz_inGap_8_.qasm,0.428571429,0.428571429,0.428571429,,,,,,,,,,,,
AddGate_rzz_inGap_9_.qasm,0.571428571,0.571428571,0.571428571,,,,,,,,,,,,
AddGate_s_inGap_10_.qasm,0.952380952,0.952380952,0.952380952,,S,0.615873016,,,,,0.615873016,,,,
AddGate_s_inGap_11_.qasm,0.571428571,0.571428571,0.571428571,,,,,,,,,,,,
AddGate_s_inGap_12_.qasm,0.857142857,0.857142857,0.857142857,,,,,,,,,,,,
AddGate_s_inGap_13_.qasm,0.714285714,0.714285714,0.714285714,,,,,,,,,,,,
AddGate_s_inGap_14_.qasm,0.952380952,0.952380952,0.952380952,,,,,,,,,,,,
AddGate_s_inGap_15_.qasm,1,1,1,,,,,,,,,,,,
AddGate_s_inGap_1_.qasm,0.761904762,0.761904762,0.761904762,,,,,,,,,,,,
AddGate_s_inGap_2_.qasm,0.380952381,0.380952381,0.380952381,,,,,,,,,,,,
AddGate_s_inGap_3_.qasm,0.619047619,0.619047619,0.619047619,,,,,,,,,,,,
AddGate_s_inGap_4_.qasm,0.238095238,0.238095238,0.238095238,,,,,,,,,,,,
AddGate_s_inGap_5_.qasm,0.428571429,0.428571429,0.428571429,,,,,,,,,,,,
AddGate_s_inGap_6_.qasm,0.523809524,0.523809524,0.523809524,,,,,,,,,,,,
AddGate_s_inGap_7_.qasm,0.19047619,0.19047619,0.19047619,,,,,,,,,,,,
AddGate_s_inGap_8_.qasm,0.80952381,0.80952381,0.80952381,,,,,,,,,,,,
AddGate_s_inGap_9_.qasm,0.238095238,0.238095238,0.238095238,,,,,,,,,,,,
AddGate_swap_inGap_10_.qasm,0.666666667,0.666666667,0.666666667,,SWAP,0.60952381,,,,,0.60952381,,,,
AddGate_swap_inGap_11_.qasm,0.80952381,0.80952381,0.80952381,,,,,,,,,,,,
AddGate_swap_inGap_12_.qasm,0.761904762,0.761904762,0.761904762,,,,,,,,,,,,
AddGate_swap_inGap_13_.qasm,1,1,1,,,,,,,,,,,,
AddGate_swap_inGap_14_.qasm,0.19047619,0.19047619,0.19047619,,,,,,,,,,,,
AddGate_swap_inGap_15_.qasm,0.047619048,0.047619048,0.047619048,,,,,,,,,,,,
AddGate_swap_inGap_16_.qasm,0.285714286,0.285714286,0.285714286,,,,,,,,,,,,
AddGate_swap_inGap_17_.qasm,0.380952381,0.380952381,0.380952381,,,,,,,,,,,,
AddGate_swap_inGap_18_.qasm,0.285714286,0.285714286,0.285714286,,,,,,,,,,,,
AddGate_swap_inGap_19_.qasm,0.19047619,0.19047619,0.19047619,,,,,,,,,,,,
AddGate_swap_inGap_1_.qasm,0.952380952,0.952380952,0.952380952,,,,,,,,,,,,
AddGate_swap_inGap_20_.qasm,0.238095238,0.238095238,0.238095238,,,,,,,,,,,,
AddGate_swap_inGap_2_.qasm,0.857142857,0.857142857,0.857142857,,,,,,,,,,,,
AddGate_swap_inGap_3_.qasm,0.952380952,0.952380952,0.952380952,,,,,,,,,,,,
AddGate_swap_inGap_4_.qasm,0.80952381,0.80952381,0.80952381,,,,,,,,,,,,
AddGate_swap_inGap_5_.qasm,0.80952381,0.80952381,0.80952381,,,,,,,,,,,,
AddGate_swap_inGap_6_.qasm,0.761904762,0.761904762,0.761904762,,,,,,,,,,,,
AddGate_swap_inGap_7_.qasm,0.952380952,0.952380952,0.952380952,,,,,,,,,,,,
AddGate_swap_inGap_8_.qasm,0.428571429,0.428571429,0.428571429,,,,,,,,,,,,
AddGate_swap_inGap_9_.qasm,0.80952381,0.80952381,0.80952381,,,,,,,,,,,,
AddGate_sx_inGap_10_.qasm,0.80952381,0.80952381,0.80952381,,SX,0.673809524,,,,,0.673809524,,,,
AddGate_sx_inGap_11_.qasm,0.80952381,0.80952381,0.80952381,,,,,,,,,,,,
AddGate_sx_inGap_12_.qasm,1,1,1,,,,,,,,,,,,
AddGate_sx_inGap_13_.qasm,0.761904762,0.761904762,0.761904762,,,,,,,,,,,,
AddGate_sx_inGap_14_.qasm,1,1,1,,,,,,,,,,,,
AddGate_sx_inGap_15_.qasm,1,1,1,,,,,,,,,,,,
AddGate_sx_inGap_16_.qasm,0.047619048,0.047619048,0.047619048,,,,,,,,,,,,
AddGate_sx_inGap_17_.qasm,0.19047619,0.19047619,0.19047619,,,,,,,,,,,,
AddGate_sx_inGap_18_.qasm,0.142857143,0.142857143,0.142857143,,,,,,,,,,,,
AddGate_sx_inGap_19_.qasm,0.142857143,0.142857143,0.142857143,,,,,,,,,,,,
AddGate_sx_inGap_1_.qasm,0.761904762,0.761904762,0.761904762,,,,,,,,,,,,
AddGate_sx_inGap_20_.qasm,0.285714286,0.285714286,0.285714286,,,,,,,,,,,,
AddGate_sx_inGap_2_.qasm,0.80952381,0.80952381,0.80952381,,,,,,,,,,,,
AddGate_sx_inGap_3_.qasm,0.80952381,0.80952381,0.80952381,,,,,,,,,,,,
AddGate_sx_inGap_4_.qasm,0.80952381,0.80952381,0.80952381,,,,,,,,,,,,
AddGate_sx_inGap_5_.qasm,0.80952381,0.80952381,0.80952381,,,,,,,,,,,,
AddGate_sx_inGap_6_.qasm,0.761904762,0.761904762,0.761904762,,,,,,,,,,,,
AddGate_sx_inGap_7_.qasm,0.761904762,0.761904762,0.761904762,,,,,,,,,,,,
AddGate_sx_inGap_8_.qasm,0.952380952,0.952380952,0.952380952,,,,,,,,,,,,
AddGate_sx_inGap_9_.qasm,0.80952381,0.80952381,0.80952381,,,,,,,,,,,,
AddGate_t_inGap_10_.qasm,1,1,1,,T,0.876190476,,,,,0.876190476,,,,
AddGate_t_inGap_11_.qasm,0.80952381,0.80952381,0.80952381,,,,,,,,,,,,
AddGate_t_inGap_12_.qasm,1,1,1,,,,,,,,,,,,
AddGate_t_inGap_13_.qasm,0.80952381,0.80952381,0.80952381,,,,,,,,,,,,
AddGate_t_inGap_14_.qasm,1,1,1,,,,,,,,,,,,
AddGate_t_inGap_15_.qasm,1,1,1,,,,,,,,,,,,
AddGate_t_inGap_1_.qasm,0.904761905,0.904761905,0.904761905,,,,,,,,,,,,
AddGate_t_inGap_2_.qasm,0.80952381,0.80952381,0.80952381,,,,,,,,,,,,
AddGate_t_inGap_3_.qasm,0.80952381,0.80952381,0.80952381,,,,,,,,,,,,
AddGate_t_inGap_4_.qasm,0.80952381,0.80952381,0.80952381,,,,,,,,,,,,
AddGate_t_inGap_5_.qasm,0.80952381,0.80952381,0.80952381,,,,,,,,,,,,
AddGate_t_inGap_6_.qasm,0.80952381,0.80952381,0.80952381,,,,,,,,,,,,
AddGate_t_inGap_7_.qasm,0.761904762,0.761904762,0.761904762,,,,,,,,,,,,
AddGate_t_inGap_8_.qasm,1,1,1,,,,,,,,,,,,
AddGate_t_inGap_9_.qasm,0.80952381,0.80952381,0.80952381,,,,,,,,,,,,
AddGate_x_inGap_10_.qasm,0.80952381,0.80952381,0.80952381,,X,0.683333333,,,,,0.683333333,,,,
AddGate_x_inGap_11_.qasm,0.619047619,0.619047619,0.619047619,,,,,,,,,,,,
AddGate_x_inGap_12_.qasm,1,1,1,,,,,,,,,,,,
AddGate_x_inGap_13_.qasm,0.428571429,0.428571429,0.428571429,,,,,,,,,,,,
AddGate_x_inGap_14_.qasm,1,1,1,,,,,,,,,,,,
AddGate_x_inGap_15_.qasm,1,1,1,,,,,,,,,,,,
AddGate_x_inGap_16_.qasm,0.571428571,0.571428571,0.571428571,,,,,,,,,,,,
AddGate_x_inGap_17_.qasm,0.285714286,0.285714286,0.285714286,,,,,,,,,,,,
AddGate_x_inGap_18_.qasm,0.428571429,0.428571429,0.428571429,,,,,,,,,,,,
AddGate_x_inGap_19_.qasm,0.19047619,0.19047619,0.19047619,,,,,,,,,,,,
AddGate_x_inGap_1_.qasm,0.761904762,0.761904762,0.761904762,,,,,,,,,,,,
AddGate_x_inGap_20_.qasm,0.333333333,0.333333333,0.333333333,,,,,,,,,,,,
AddGate_x_inGap_2_.qasm,0.761904762,0.761904762,0.761904762,,,,,,,,,,,,
AddGate_x_inGap_3_.qasm,0.80952381,0.80952381,0.80952381,,,,,,,,,,,,
AddGate_x_inGap_4_.qasm,0.761904762,0.761904762,0.761904762,,,,,,,,,,,,
AddGate_x_inGap_5_.qasm,0.761904762,0.761904762,0.761904762,,,,,,,,,,,,
AddGate_x_inGap_6_.qasm,0.666666667,0.666666667,0.666666667,,,,,,,,,,,,
AddGate_x_inGap_7_.qasm,0.761904762,0.761904762,0.761904762,,,,,,,,,,,,
AddGate_x_inGap_8_.qasm,1,1,1,,,,,,,,,,,,
AddGate_x_inGap_9_.qasm,0.714285714,0.714285714,0.714285714,,,,,,,,,,,,
AddGate_y_inGap_10_.qasm,0.333333333,0.333333333,0.333333333,,Y,0.516666667,,,,,0.516666667,,,,
AddGate_y_inGap_11_.qasm,0.380952381,0.380952381,0.380952381,,,,,,,,,,,,
AddGate_y_inGap_12_.qasm,0.380952381,0.380952381,0.380952381,,,,,,,,,,,,
AddGate_y_inGap_13_.qasm,0.285714286,0.285714286,0.285714286,,,,,,,,,,,,
AddGate_y_inGap_14_.qasm,0.285714286,0.285714286,0.285714286,,,,,,,,,,,,
AddGate_y_inGap_15_.qasm,0.238095238,0.238095238,0.238095238,,,,,,,,,,,,
AddGate_y_inGap_16_.qasm,0.523809524,0.523809524,0.523809524,,,,,,,,,,,,
AddGate_y_inGap_17_.qasm,0.428571429,0.428571429,0.428571429,,,,,,,,,,,,
AddGate_y_inGap_18_.qasm,0.333333333,0.333333333,0.333333333,,,,,,,,,,,,
AddGate_y_inGap_19_.qasm,0.285714286,0.285714286,0.285714286,,,,,,,,,,,,
AddGate_y_inGap_1_.qasm,0.761904762,0.761904762,0.761904762,,,,,,,,,,,,
AddGate_y_inGap_20_.qasm,0.238095238,0.238095238,0.238095238,,,,,,,,,,,,
AddGate_y_inGap_2_.qasm,0.761904762,0.761904762,0.761904762,,,,,,,,,,,,
AddGate_y_inGap_3_.qasm,0.761904762,0.761904762,0.761904762,,,,,,,,,,,,
AddGate_y_inGap_4_.qasm,0.761904762,0.761904762,0.761904762,,,,,,,,,,,,
AddGate_y_inGap_5_.qasm,0.761904762,0.761904762,0.761904762,,,,,,,,,,,,
AddGate_y_inGap_6_.qasm,0.761904762,0.761904762,0.761904762,,,,,,,,,,,,
AddGate_y_inGap_7_.qasm,0.761904762,0.761904762,0.761904762,,,,,,,,,,,,
AddGate_y_inGap_8_.qasm,0.523809524,0.523809524,0.523809524,,,,,,,,,,,,
AddGate_y_inGap_9_.qasm,0.761904762,0.761904762,0.761904762,,,,,,,,,,,,
AddGate_z_inGap_10_.qasm,0.761904762,0.761904762,0.761904762,,Z,0.438095238,,,,,0.438095238,,,,
AddGate_z_inGap_11_.qasm,0.285714286,0.285714286,0.285714286,,,,,,,,,,,,
AddGate_z_inGap_12_.qasm,0.333333333,0.333333333,0.333333333,,,,,,,,,,,,
AddGate_z_inGap_13_.qasm,0.380952381,0.380952381,0.380952381,,,,,,,,,,,,
AddGate_z_inGap_14_.qasm,0.428571429,0.428571429,0.428571429,,,,,,,,,,,,
AddGate_z_inGap_15_.qasm,0.428571429,0.428571429,0.428571429,,,,,,,,,,,,
AddGate_z_inGap_1_.qasm,0.761904762,0.761904762,0.761904762,,,,,,,,,,,,
AddGate_z_inGap_2_.qasm,0.428571429,0.428571429,0.428571429,,,,,,,,,,,,
AddGate_z_inGap_3_.qasm,0.571428571,0.571428571,0.571428571,,,,,,,,,,,,
AddGate_z_inGap_4_.qasm,0.238095238,0.238095238,0.238095238,,,,,,,,,,,,
AddGate_z_inGap_5_.qasm,0.380952381,0.380952381,0.380952381,,,,,,,,,,,,
AddGate_z_inGap_6_.qasm,0.380952381,0.380952381,0.380952381,,,,,,,,,,,,
AddGate_z_inGap_7_.qasm,0.19047619,0.19047619,0.19047619,,,,,,,,,,,,
AddGate_z_inGap_8_.qasm,0.761904762,0.761904762,0.761904762,,,,,,,,,,,,
AddGate_z_inGap_9_.qasm,0.238095238,0.238095238,0.238095238,,,,,,,,,,,,
,,,,,,,,,,,,,,,
,,,,,,,,,,,,,,,
,,,,,,,,,,,,,,,
Rand,Best,Worst,,,,,,,,,,,,,
0.051613897,0.238095238,0.238095238,,,,,,,,,,,,,
0.273215724,0.761904762,0.761904762,,,,,,,,,,,,,
0.278941154,0.571428571,0.571428571,,,,,,,,,,,,,
0.509503593,0.428571429,0.428571429,,,,,,,,,,,,,
0.65277833,0.238095238,0.238095238,,,,,,,,,,,,,
0.82971219,0.761904762,0.761904762,,,,,,,,,,,,,
0.215077866,0.380952381,0.380952381,,,,,,,,,,,,,
0.230342309,0.333333333,0.333333333,,,,,,,,,,,,,
0.183320056,0.19047619,0.19047619,,,,,,,,,,,,,
0.158965114,0.428571429,0.428571429,,,,,,,,,,,,,
0.177907508,0.380952381,0.380952381,,,,,,,,,,,,,
0.518604782,0.761904762,0.761904762,,,,,,,,,,,,,
0.177754049,0.380952381,0.380952381,,,,,,,,,,,,,
0.930582455,0.428571429,0.428571429,,,,,,,,,,,,,
0.343816525,0.285714286,0.285714286,,,,,,,,,,,,,
0.93395346,,,,,,,,,,,,,,,
0.666215587,,,,,,,,,,,,,,,
0.411354605,,,,,,,,,,,,,,,
0.667541416,,,,,,,,,,,,,,,
0.119467754,,,,,,,,,,,,,,,
,,,,,,,,,,,,,,,
,,,,,,,,,,,,,,,
,0.19047619,0.19047619,,0.518518519,0.5,0.037037037,0.111111111,,0.518518519,0.5,0.037037037,0.111111111,,,
,0.238095238,0.238095238,,,,,,,,,,,,,
,0.333333333,0.333333333,,,,,,,,,,,,,
,0.142857143,0.142857143,,,,,,,,,,,,,
,0.19047619,0.19047619,,,,,,,,,,,,,
,0.095238095,0.095238095,,,,,,,,,,,,,
,0.333333333,0.333333333,,,,,,,,,,,,,
,0.428571429,0.428571429,,,,,,,,,,,,,
,0.095238095,0.095238095,,,,,,,,,,,,,
,0.619047619,0.619047619,,,,,,,,,,,,,
,0.047619048,0.047619048,,,,,,,,,,,,,
,0.380952381,0.380952381,,,,,,,,,,,,,
,0.80952381,0.80952381,,,,,,,,,,,,,
,0.761904762,0.761904762,,,,,,,,,,,,,
,1,1,,,,,,,,,,,,,
,0.523809524,0.523809524,,,,,,,,,,,,,
,0.19047619,0.19047619,,,,,,,,,,,,,
,0.666666667,0.666666667,,,,,,,,,,,,,
,1,1,,,,,,,,,,,,,
,0.761904762,0.761904762,,,,,,,,,,,,,
,0.80952381,0.80952381,,,,,,,,,,,,,
,0.714285714,0.714285714,,,,,,,,,,,,,
,0.333333333,0.333333333,,,,,,,,,,,,,
,0.047619048,0.047619048,,,,,,,,,,,,,
,0.857142857,0.857142857,,,,,,,,,,,,,
,0.80952381,0.80952381,,,,,,,,,,,,,
,0.476190476,0.476190476,,,,,,,,,,,,,
,0.761904762,0.761904762,,,,,,,,,,,,,
,0.80952381,0.80952381,,,,,,,,,,,,,
,0.476190476,0.476190476,,,,,,,,,,,,,
,0.238095238,0.238095238,,,,,,,,,,,,,
,0.761904762,0.761904762,,,,,,,,,,,,,
,0.095238095,0.095238095,,,,,,,,,,,,,
,1,1,,,,,,,,,,,,,
,0.238095238,0.238095238,,,,,,,,,,,,,
,0.619047619,0.619047619,,,,,,,,,,,,,
,0.952380952,0.952380952,,,,,,,,,,,,,
,0.285714286,0.285714286,,,,,,,,,,,,,
,0.285714286,0.285714286,,,,,,,,,,,,,
,0.285714286,0.285714286,,,,,,,,,,,,,
,1,1,,,,,,,,,,,,,
,0.761904762,0.761904762,,,,,,,,,,,,,
,0.80952381,0.80952381,,,,,,,,,,,,,
,0.80952381,0.80952381,,,,,,,,,,,,,
,0.80952381,0.80952381,,,,,,,,,,,,,
,0.333333333,0.333333333,,,,,,,,,,,,,
,0.761904762,0.761904762,,,,,,,,,,,,,
,0.428571429,0.428571429,,,,,,,,,,,,,
,0.523809524,0.523809524,,,,,,,,,,,,,
,0.285714286,0.285714286,,,,,,,,,,,,,
,0.238095238,0.238095238,,,,,,,,,,,,,
,0.238095238,0.238095238,,,,,,,,,,,,,
,0.761904762,0.761904762,,,,,,,,,,,,,
,0.571428571,0.571428571,,,,,,,,,,,,,
,,,,,,,,,,,,,,,
,,,,,,,,,,,,,,,
,,,,,,,,,,,,,,,
,,,,,,,,,,,,,,,
,,,,,,,,,,,,,,,
,,,,,,,,,,,,,,,
,,,,,,,,,,,,,,,
,,,,,,,,,,,,,,,
,,,,,,,,,,,,,,,
,,,,,,,,,,,,,,,
,,,,,,,,,,,,,,,
,,,,,,,,,,,,,,,
,,,,,,,,,,,,,,,
,,,,,,,,,,,,,,,
,,,,,,,,,,,,,,,
,,,,,,,,,,,,,,,
,,,,,,,,,,,,,,,
,,,,,,,,,,,,,,,
,,,,,,,,,,,,,,,
,,,,,,,,,,,,,,,
,,,,,,,,,,,,,,,
,,,,,,,,,,,,,,,
