Program,best_exam_score,worst_exam_score,avg_exam_score,,,,,,,Barinel (Perfect EXAM = 0.0052),,,,,
,,,,,,Average EXAM Best-Case By Gate,Average EXAM Best-Case Overall,Median EXAM Best-Case,% Top 1 Best-Case,% Top 3 Best-Case,Average EXAM Worst-Case By Gate,Average EXAM Worst-Case Overall,Median EXAM Worst-Case,% Top 1 Worst-Case,% Top 3 Worst-Case
AddGate_ccx_inGap_87_.qasm,0.567708333,0.567708333,0.567708333,,CCX,0.547395833,0.466325758,0.427083333,0.007272727,0.014545455,0.547395833,0.466496212,0.427083333,0.003636364,0.014545455
AddGate_ccx_inGap_88_.qasm,0.635416667,0.635416667,0.635416667,,,,,,,,,,,,
AddGate_ccx_inGap_89_.qasm,0.427083333,0.427083333,0.427083333,,,,,,,,,,,,
AddGate_ccx_inGap_90_.qasm,0.447916667,0.447916667,0.447916667,,,,,,,,,,,,
AddGate_ccx_inGap_91_.qasm,0.458333333,0.458333333,0.458333333,,,,,,,,,,,,
AddGate_ccx_inGap_92_.qasm,0.583333333,0.583333333,0.583333333,,,,,,,,,,,,
AddGate_ccx_inGap_93_.qasm,0.34375,0.34375,0.34375,,,,,,,,,,,,
AddGate_ccx_inGap_94_.qasm,0.661458333,0.661458333,0.661458333,,,,,,,,,,,,
AddGate_ccx_inGap_95_.qasm,0.651041667,0.651041667,0.651041667,,,,,,,,,,,,
AddGate_ccx_inGap_96_.qasm,0.697916667,0.697916667,0.697916667,,,,,,,,,,,,
AddGate_cx_inGap_59_.qasm,0.84375,0.84375,0.84375,,CX,0.510802469,,,,,0.510802469,,,,
AddGate_cx_inGap_60_.qasm,0.546875,0.546875,0.546875,,,,,,,,,,,,
AddGate_cx_inGap_61_.qasm,0.90625,0.90625,0.90625,,,,,,,,,,,,
AddGate_cx_inGap_62_.qasm,0.28125,0.28125,0.28125,,,,,,,,,,,,
AddGate_cx_inGap_63_.qasm,0.369791667,0.369791667,0.369791667,,,,,,,,,,,,
AddGate_cx_inGap_64_.qasm,0.807291667,0.807291667,0.807291667,,,,,,,,,,,,
AddGate_cx_inGap_65_.qasm,0.708333333,0.708333333,0.708333333,,,,,,,,,,,,
AddGate_cx_inGap_66_.qasm,0.177083333,0.177083333,0.177083333,,,,,,,,,,,,
AddGate_cx_inGap_67_.qasm,0.453125,0.453125,0.453125,,,,,,,,,,,,
AddGate_cx_inGap_68_.qasm,0.151041667,0.151041667,0.151041667,,,,,,,,,,,,
AddGate_cx_inGap_69_.qasm,0.052083333,0.052083333,0.052083333,,,,,,,,,,,,
AddGate_cx_inGap_70_.qasm,1,1,1,,,,,,,,,,,,
AddGate_cx_inGap_71_.qasm,0.890625,0.890625,0.890625,,,,,,,,,,,,
AddGate_cx_inGap_72_.qasm,0.020833333,0.020833333,0.020833333,,,,,,,,,,,,
AddGate_cx_inGap_73_.qasm,0.703125,0.703125,0.703125,,,,,,,,,,,,
AddGate_cx_inGap_74_.qasm,1,1,1,,,,,,,,,,,,
AddGate_cx_inGap_75_.qasm,0.875,0.875,0.875,,,,,,,,,,,,
AddGate_cx_inGap_87_.qasm,0.567708333,0.567708333,0.567708333,,,,,,,,,,,,
AddGate_cx_inGap_88_.qasm,0.526041667,0.526041667,0.526041667,,,,,,,,,,,,
AddGate_cx_inGap_89_.qasm,0.572916667,0.572916667,0.572916667,,,,,,,,,,,,
AddGate_cx_inGap_90_.qasm,0.223958333,0.223958333,0.223958333,,,,,,,,,,,,
AddGate_cx_inGap_91_.qasm,0.161458333,0.161458333,0.161458333,,,,,,,,,,,,
AddGate_cx_inGap_92_.qasm,0.25,0.25,0.25,,,,,,,,,,,,
AddGate_cx_inGap_93_.qasm,0.286458333,0.286458333,0.286458333,,,,,,,,,,,,
AddGate_cx_inGap_94_.qasm,0.286458333,0.286458333,0.286458333,,,,,,,,,,,,
AddGate_cx_inGap_95_.qasm,0.807291667,0.807291667,0.807291667,,,,,,,,,,,,
AddGate_cx_inGap_96_.qasm,0.322916667,0.322916667,0.322916667,,,,,,,,,,,,
AddGate_h_inGap_100_.qasm,0.703125,0.703125,0.703125,,H,0.482584635,,,,,0.482910156,,,,
AddGate_h_inGap_101_.qasm,0.338541667,0.348958333,0.34375,,,,,,,,,,,,
AddGate_h_inGap_102_.qasm,0.317708333,0.317708333,0.317708333,,,,,,,,,,,,
AddGate_h_inGap_103_.qasm,0.411458333,0.411458333,0.411458333,,,,,,,,,,,,
AddGate_h_inGap_104_.qasm,0.359375,0.359375,0.359375,,,,,,,,,,,,
AddGate_h_inGap_105_.qasm,0.265625,0.265625,0.265625,,,,,,,,,,,,
AddGate_h_inGap_106_.qasm,0.833333333,0.833333333,0.833333333,,,,,,,,,,,,
AddGate_h_inGap_107_.qasm,0.375,0.375,0.375,,,,,,,,,,,,
AddGate_h_inGap_108_.qasm,0.9375,0.9375,0.9375,,,,,,,,,,,,
AddGate_h_inGap_109_.qasm,0.333333333,0.333333333,0.333333333,,,,,,,,,,,,
AddGate_h_inGap_110_.qasm,0.333333333,0.333333333,0.333333333,,,,,,,,,,,,
AddGate_h_inGap_111_.qasm,0.0625,0.0625,0.0625,,,,,,,,,,,,
AddGate_h_inGap_59_.qasm,0.510416667,0.510416667,0.510416667,,,,,,,,,,,,
AddGate_h_inGap_60_.qasm,0.3125,0.3125,0.3125,,,,,,,,,,,,
AddGate_h_inGap_61_.qasm,0.260416667,0.260416667,0.260416667,,,,,,,,,,,,
AddGate_h_inGap_62_.qasm,0.71875,0.71875,0.71875,,,,,,,,,,,,
AddGate_h_inGap_63_.qasm,0.541666667,0.541666667,0.541666667,,,,,,,,,,,,
AddGate_h_inGap_64_.qasm,0.213541667,0.213541667,0.213541667,,,,,,,,,,,,
AddGate_h_inGap_65_.qasm,0.479166667,0.479166667,0.479166667,,,,,,,,,,,,
AddGate_h_inGap_66_.qasm,0.765625,0.765625,0.765625,,,,,,,,,,,,
AddGate_h_inGap_67_.qasm,0.244791667,0.244791667,0.244791667,,,,,,,,,,,,
AddGate_h_inGap_68_.qasm,0.921875,0.921875,0.921875,,,,,,,,,,,,
AddGate_h_inGap_69_.qasm,0.713541667,0.713541667,0.713541667,,,,,,,,,,,,
AddGate_h_inGap_70_.qasm,0.28125,0.28125,0.28125,,,,,,,,,,,,
AddGate_h_inGap_71_.qasm,0.427083333,0.427083333,0.427083333,,,,,,,,,,,,
AddGate_h_inGap_72_.qasm,0.59375,0.59375,0.59375,,,,,,,,,,,,
AddGate_h_inGap_73_.qasm,0.59375,0.59375,0.59375,,,,,,,,,,,,
AddGate_h_inGap_74_.qasm,0.265625,0.265625,0.265625,,,,,,,,,,,,
AddGate_h_inGap_75_.qasm,0.661458333,0.661458333,0.661458333,,,,,,,,,,,,
AddGate_h_inGap_97_.qasm,0.1875,0.1875,0.1875,,,,,,,,,,,,
AddGate_h_inGap_98_.qasm,0.703125,0.703125,0.703125,,,,,,,,,,,,
AddGate_h_inGap_99_.qasm,0.776041667,0.776041667,0.776041667,,,,,,,,,,,,
AddGate_p_inGap_100_.qasm,0.473958333,0.473958333,0.473958333,,P,0.488541667,,,,,0.488888889,,,,
AddGate_p_inGap_101_.qasm,0.848958333,0.848958333,0.848958333,,,,,,,,,,,,
AddGate_p_inGap_102_.qasm,0.635416667,0.635416667,0.635416667,,,,,,,,,,,,
AddGate_p_inGap_103_.qasm,0.458333333,0.458333333,0.458333333,,,,,,,,,,,,
AddGate_p_inGap_104_.qasm,0.260416667,0.260416667,0.260416667,,,,,,,,,,,,
AddGate_p_inGap_105_.qasm,0.317708333,0.317708333,0.317708333,,,,,,,,,,,,
AddGate_p_inGap_106_.qasm,0.458333333,0.458333333,0.458333333,,,,,,,,,,,,
AddGate_p_inGap_107_.qasm,0.895833333,0.895833333,0.895833333,,,,,,,,,,,,
AddGate_p_inGap_108_.qasm,0.041666667,0.041666667,0.041666667,,,,,,,,,,,,
AddGate_p_inGap_109_.qasm,0.510416667,0.510416667,0.510416667,,,,,,,,,,,,
AddGate_p_inGap_110_.qasm,0.651041667,0.651041667,0.651041667,,,,,,,,,,,,
AddGate_p_inGap_111_.qasm,0.223958333,0.223958333,0.223958333,,,,,,,,,,,,
AddGate_p_inGap_97_.qasm,0.276041667,0.28125,0.278645833,,,,,,,,,,,,
AddGate_p_inGap_98_.qasm,0.348958333,0.348958333,0.348958333,,,,,,,,,,,,
AddGate_p_inGap_99_.qasm,0.927083333,0.927083333,0.927083333,,,,,,,,,,,,
AddGate_s_inGap_100_.qasm,0.671875,0.671875,0.671875,,S,0.329861111,,,,,0.329861111,,,,
AddGate_s_inGap_101_.qasm,0.182291667,0.182291667,0.182291667,,,,,,,,,,,,
AddGate_s_inGap_102_.qasm,0.505208333,0.505208333,0.505208333,,,,,,,,,,,,
AddGate_s_inGap_103_.qasm,0.505208333,0.505208333,0.505208333,,,,,,,,,,,,
AddGate_s_inGap_104_.qasm,0.192708333,0.192708333,0.192708333,,,,,,,,,,,,
AddGate_s_inGap_105_.qasm,0.666666667,0.666666667,0.666666667,,,,,,,,,,,,
AddGate_s_inGap_106_.qasm,0.453125,0.453125,0.453125,,,,,,,,,,,,
AddGate_s_inGap_107_.qasm,0.296875,0.296875,0.296875,,,,,,,,,,,,
AddGate_s_inGap_108_.qasm,0.072916667,0.072916667,0.072916667,,,,,,,,,,,,
AddGate_s_inGap_109_.qasm,0.067708333,0.067708333,0.067708333,,,,,,,,,,,,
AddGate_s_inGap_110_.qasm,0.03125,0.03125,0.03125,,,,,,,,,,,,
AddGate_s_inGap_111_.qasm,0.067708333,0.067708333,0.067708333,,,,,,,,,,,,
AddGate_s_inGap_97_.qasm,0.421875,0.421875,0.421875,,,,,,,,,,,,
AddGate_s_inGap_98_.qasm,0.5625,0.5625,0.5625,,,,,,,,,,,,
AddGate_s_inGap_99_.qasm,0.25,0.25,0.25,,,,,,,,,,,,
AddGate_x_inGap_21_.qasm,0.640625,0.645833333,0.643229167,,X,0.44216954,,,,,0.442349138,,,,
AddGate_x_inGap_22_.qasm,0.5625,0.5625,0.5625,,,,,,,,,,,,
AddGate_x_inGap_23_.qasm,0.9375,0.9375,0.9375,,,,,,,,,,,,
AddGate_x_inGap_24_.qasm,0.354166667,0.354166667,0.354166667,,,,,,,,,,,,
AddGate_x_inGap_25_.qasm,0.927083333,0.927083333,0.927083333,,,,,,,,,,,,
AddGate_x_inGap_26_.qasm,0.901041667,0.901041667,0.901041667,,,,,,,,,,,,
AddGate_x_inGap_27_.qasm,0.385416667,0.385416667,0.385416667,,,,,,,,,,,,
AddGate_x_inGap_28_.qasm,0.942708333,0.942708333,0.942708333,,,,,,,,,,,,
AddGate_x_inGap_29_.qasm,0.125,0.125,0.125,,,,,,,,,,,,
AddGate_x_inGap_30_.qasm,0.942708333,0.942708333,0.942708333,,,,,,,,,,,,
AddGate_x_inGap_31_.qasm,0.5625,0.5625,0.5625,,,,,,,,,,,,
AddGate_x_inGap_32_.qasm,0.317708333,0.317708333,0.317708333,,,,,,,,,,,,
AddGate_x_inGap_33_.qasm,0.546875,0.546875,0.546875,,,,,,,,,,,,
AddGate_x_inGap_34_.qasm,0.098958333,0.098958333,0.098958333,,,,,,,,,,,,
AddGate_x_inGap_35_.qasm,0.578125,0.578125,0.578125,,,,,,,,,,,,
AddGate_x_inGap_36_.qasm,0.166666667,0.166666667,0.166666667,,,,,,,,,,,,
AddGate_x_inGap_37_.qasm,0.421875,0.421875,0.421875,,,,,,,,,,,,
AddGate_x_inGap_38_.qasm,0.083333333,0.083333333,0.083333333,,,,,,,,,,,,
AddGate_x_inGap_39_.qasm,0.489583333,0.489583333,0.489583333,,,,,,,,,,,,
AddGate_x_inGap_87_.qasm,0.317708333,0.317708333,0.317708333,,,,,,,,,,,,
AddGate_x_inGap_88_.qasm,0.453125,0.453125,0.453125,,,,,,,,,,,,
AddGate_x_inGap_89_.qasm,0.755208333,0.755208333,0.755208333,,,,,,,,,,,,
AddGate_x_inGap_90_.qasm,0.104166667,0.104166667,0.104166667,,,,,,,,,,,,
AddGate_x_inGap_91_.qasm,0.057291667,0.057291667,0.057291667,,,,,,,,,,,,
AddGate_x_inGap_92_.qasm,0.307291667,0.307291667,0.307291667,,,,,,,,,,,,
AddGate_x_inGap_93_.qasm,0.03125,0.03125,0.03125,,,,,,,,,,,,
AddGate_x_inGap_94_.qasm,0.427083333,0.427083333,0.427083333,,,,,,,,,,,,
AddGate_x_inGap_95_.qasm,0.119791667,0.119791667,0.119791667,,,,,,,,,,,,
AddGate_x_inGap_96_.qasm,0.265625,0.265625,0.265625,,,,,,,,,,,,
AddGate_y_inGap_100_.qasm,0.885416667,0.885416667,0.885416667,,Y,0.444821148,,,,,0.445066824,,,,
AddGate_y_inGap_101_.qasm,0.359375,0.359375,0.359375,,,,,,,,,,,,
AddGate_y_inGap_102_.qasm,0.390625,0.390625,0.390625,,,,,,,,,,,,
AddGate_y_inGap_103_.qasm,0.744791667,0.744791667,0.744791667,,,,,,,,,,,,
AddGate_y_inGap_104_.qasm,0.322916667,0.322916667,0.322916667,,,,,,,,,,,,
AddGate_y_inGap_105_.qasm,0.963541667,0.963541667,0.963541667,,,,,,,,,,,,
AddGate_y_inGap_106_.qasm,0.328125,0.328125,0.328125,,,,,,,,,,,,
AddGate_y_inGap_107_.qasm,0.557291667,0.557291667,0.557291667,,,,,,,,,,,,
AddGate_y_inGap_108_.qasm,0.036458333,0.036458333,0.036458333,,,,,,,,,,,,
AddGate_y_inGap_109_.qasm,0.03125,0.03125,0.03125,,,,,,,,,,,,
AddGate_y_inGap_110_.qasm,0.322916667,0.322916667,0.322916667,,,,,,,,,,,,
AddGate_y_inGap_111_.qasm,0.098958333,0.098958333,0.098958333,,,,,,,,,,,,
AddGate_y_inGap_112_.qasm,0.296875,0.296875,0.296875,,,,,,,,,,,,
AddGate_y_inGap_113_.qasm,0.0625,0.0625,0.0625,,,,,,,,,,,,
AddGate_y_inGap_114_.qasm,0.0625,0.0625,0.0625,,,,,,,,,,,,
AddGate_y_inGap_115_.qasm,0.036458333,0.036458333,0.036458333,,,,,,,,,,,,
AddGate_y_inGap_116_.qasm,0.973958333,0.973958333,0.973958333,,,,,,,,,,,,
AddGate_y_inGap_117_.qasm,0.510416667,0.510416667,0.510416667,,,,,,,,,,,,
AddGate_y_inGap_118_.qasm,0.958333333,0.958333333,0.958333333,,,,,,,,,,,,
AddGate_y_inGap_119_.qasm,0.28125,0.28125,0.28125,,,,,,,,,,,,
AddGate_y_inGap_120_.qasm,0.963541667,0.963541667,0.963541667,,,,,,,,,,,,
AddGate_y_inGap_121_.qasm,0.026041667,0.03125,0.028645833,,,,,,,,,,,,
AddGate_y_inGap_122_.qasm,0.973958333,0.979166667,0.9765625,,,,,,,,,,,,
AddGate_y_inGap_123_.qasm,0.010416667,0.010416667,0.010416667,,,,,,,,,,,,
AddGate_y_inGap_124_.qasm,0.005208333,0.005208333,0.005208333,,,,,,,,,,,,
AddGate_y_inGap_125_.qasm,0.010416667,0.010416667,0.010416667,,,,,,,,,,,,
AddGate_y_inGap_126_.qasm,0.005208333,0.010416667,0.0078125,,,,,,,,,,,,
AddGate_y_inGap_127_.qasm,0.973958333,0.973958333,0.973958333,,,,,,,,,,,,
AddGate_y_inGap_21_.qasm,0.302083333,0.302083333,0.302083333,,,,,,,,,,,,
AddGate_y_inGap_22_.qasm,0.942708333,0.942708333,0.942708333,,,,,,,,,,,,
AddGate_y_inGap_23_.qasm,0.557291667,0.557291667,0.557291667,,,,,,,,,,,,
AddGate_y_inGap_24_.qasm,0.604166667,0.604166667,0.604166667,,,,,,,,,,,,
AddGate_y_inGap_25_.qasm,0.348958333,0.348958333,0.348958333,,,,,,,,,,,,
AddGate_y_inGap_26_.qasm,0.25,0.25,0.25,,,,,,,,,,,,
AddGate_y_inGap_27_.qasm,0.125,0.125,0.125,,,,,,,,,,,,
AddGate_y_inGap_28_.qasm,0.385416667,0.385416667,0.385416667,,,,,,,,,,,,
AddGate_y_inGap_29_.qasm,0.359375,0.359375,0.359375,,,,,,,,,,,,
AddGate_y_inGap_30_.qasm,0.104166667,0.104166667,0.104166667,,,,,,,,,,,,
AddGate_y_inGap_31_.qasm,0.322916667,0.322916667,0.322916667,,,,,,,,,,,,
AddGate_y_inGap_32_.qasm,0.9375,0.9375,0.9375,,,,,,,,,,,,
AddGate_y_inGap_33_.qasm,0.354166667,0.354166667,0.354166667,,,,,,,,,,,,
AddGate_y_inGap_34_.qasm,0.651041667,0.651041667,0.651041667,,,,,,,,,,,,
AddGate_y_inGap_35_.qasm,0.65625,0.65625,0.65625,,,,,,,,,,,,
AddGate_y_inGap_36_.qasm,0.114583333,0.114583333,0.114583333,,,,,,,,,,,,
AddGate_y_inGap_37_.qasm,0.526041667,0.526041667,0.526041667,,,,,,,,,,,,
AddGate_y_inGap_38_.qasm,0.177083333,0.177083333,0.177083333,,,,,,,,,,,,
AddGate_y_inGap_39_.qasm,0.380208333,0.380208333,0.380208333,,,,,,,,,,,,
AddGate_y_inGap_40_.qasm,0.885416667,0.885416667,0.885416667,,,,,,,,,,,,
AddGate_y_inGap_41_.qasm,0.515625,0.515625,0.515625,,,,,,,,,,,,
AddGate_y_inGap_42_.qasm,0.317708333,0.317708333,0.317708333,,,,,,,,,,,,
AddGate_y_inGap_43_.qasm,0.552083333,0.552083333,0.552083333,,,,,,,,,,,,
AddGate_y_inGap_44_.qasm,0.911458333,0.911458333,0.911458333,,,,,,,,,,,,
AddGate_y_inGap_45_.qasm,0.479166667,0.484375,0.481770833,,,,,,,,,,,,
AddGate_y_inGap_46_.qasm,0.130208333,0.130208333,0.130208333,,,,,,,,,,,,
AddGate_y_inGap_47_.qasm,0.463541667,0.463541667,0.463541667,,,,,,,,,,,,
AddGate_y_inGap_48_.qasm,0.640625,0.640625,0.640625,,,,,,,,,,,,
AddGate_y_inGap_49_.qasm,0.713541667,0.713541667,0.713541667,,,,,,,,,,,,
AddGate_y_inGap_50_.qasm,0.5,0.5,0.5,,,,,,,,,,,,
AddGate_y_inGap_51_.qasm,0.645833333,0.651041667,0.6484375,,,,,,,,,,,,
AddGate_y_inGap_52_.qasm,0.130208333,0.130208333,0.130208333,,,,,,,,,,,,
AddGate_y_inGap_53_.qasm,0.390625,0.390625,0.390625,,,,,,,,,,,,
AddGate_y_inGap_54_.qasm,0.630208333,0.630208333,0.630208333,,,,,,,,,,,,
AddGate_y_inGap_55_.qasm,0.052083333,0.052083333,0.052083333,,,,,,,,,,,,
AddGate_y_inGap_56_.qasm,0.239583333,0.239583333,0.239583333,,,,,,,,,,,,
AddGate_y_inGap_57_.qasm,0.9375,0.9375,0.9375,,,,,,,,,,,,
AddGate_y_inGap_58_.qasm,0.713541667,0.713541667,0.713541667,,,,,,,,,,,,
AddGate_y_inGap_59_.qasm,0.135416667,0.135416667,0.135416667,,,,,,,,,,,,
AddGate_y_inGap_60_.qasm,0.885416667,0.885416667,0.885416667,,,,,,,,,,,,
AddGate_y_inGap_61_.qasm,0.130208333,0.130208333,0.130208333,,,,,,,,,,,,
AddGate_y_inGap_62_.qasm,0.359375,0.359375,0.359375,,,,,,,,,,,,
AddGate_y_inGap_63_.qasm,0.098958333,0.098958333,0.098958333,,,,,,,,,,,,
AddGate_y_inGap_64_.qasm,0.916666667,0.916666667,0.916666667,,,,,,,,,,,,
AddGate_y_inGap_65_.qasm,0.203125,0.203125,0.203125,,,,,,,,,,,,
AddGate_y_inGap_66_.qasm,0.661458333,0.661458333,0.661458333,,,,,,,,,,,,
AddGate_y_inGap_68_.qasm,0.713541667,0.713541667,0.713541667,,,,,,,,,,,,
AddGate_y_inGap_69_.qasm,0.885416667,0.885416667,0.885416667,,,,,,,,,,,,
AddGate_y_inGap_70_.qasm,0.40625,0.40625,0.40625,,,,,,,,,,,,
AddGate_y_inGap_71_.qasm,0.463541667,0.463541667,0.463541667,,,,,,,,,,,,
AddGate_y_inGap_72_.qasm,0.104166667,0.104166667,0.104166667,,,,,,,,,,,,
AddGate_y_inGap_73_.qasm,0.927083333,0.927083333,0.927083333,,,,,,,,,,,,
AddGate_y_inGap_74_.qasm,0.479166667,0.479166667,0.479166667,,,,,,,,,,,,
AddGate_y_inGap_75_.qasm,0.442708333,0.442708333,0.442708333,,,,,,,,,,,,
AddGate_y_inGap_76_.qasm,0.458333333,0.458333333,0.458333333,,,,,,,,,,,,
AddGate_y_inGap_77_.qasm,0.098958333,0.098958333,0.098958333,,,,,,,,,,,,
AddGate_y_inGap_78_.qasm,0.635416667,0.635416667,0.635416667,,,,,,,,,,,,
AddGate_y_inGap_79_.qasm,0.104166667,0.104166667,0.104166667,,,,,,,,,,,,
AddGate_y_inGap_80_.qasm,0.5,0.5,0.5,,,,,,,,,,,,
AddGate_y_inGap_81_.qasm,0.114583333,0.114583333,0.114583333,,,,,,,,,,,,
AddGate_y_inGap_82_.qasm,0.557291667,0.557291667,0.557291667,,,,,,,,,,,,
AddGate_y_inGap_83_.qasm,0.333333333,0.333333333,0.333333333,,,,,,,,,,,,
AddGate_y_inGap_84_.qasm,0.942708333,0.942708333,0.942708333,,,,,,,,,,,,
AddGate_y_inGap_85_.qasm,0.947916667,0.947916667,0.947916667,,,,,,,,,,,,
AddGate_y_inGap_86_.qasm,0.104166667,0.104166667,0.104166667,,,,,,,,,,,,
AddGate_y_inGap_87_.qasm,0.359375,0.359375,0.359375,,,,,,,,,,,,
AddGate_y_inGap_88_.qasm,0.572916667,0.572916667,0.572916667,,,,,,,,,,,,
AddGate_y_inGap_89_.qasm,0.369791667,0.369791667,0.369791667,,,,,,,,,,,,
AddGate_y_inGap_90_.qasm,0.401041667,0.401041667,0.401041667,,,,,,,,,,,,
AddGate_y_inGap_91_.qasm,0.317708333,0.317708333,0.317708333,,,,,,,,,,,,
AddGate_y_inGap_92_.qasm,0.34375,0.34375,0.34375,,,,,,,,,,,,
AddGate_y_inGap_93_.qasm,0.333333333,0.333333333,0.333333333,,,,,,,,,,,,
AddGate_y_inGap_94_.qasm,0.083333333,0.083333333,0.083333333,,,,,,,,,,,,
AddGate_y_inGap_95_.qasm,0.927083333,0.927083333,0.927083333,,,,,,,,,,,,
AddGate_y_inGap_96_.qasm,0.270833333,0.270833333,0.270833333,,,,,,,,,,,,
AddGate_y_inGap_97_.qasm,0.125,0.125,0.125,,,,,,,,,,,,
AddGate_y_inGap_98_.qasm,0.333333333,0.333333333,0.333333333,,,,,,,,,,,,
AddGate_y_inGap_99_.qasm,0.963541667,0.963541667,0.963541667,,,,,,,,,,,,
AddGate_z_inGap_100_.qasm,0.6875,0.6875,0.6875,,Z,0.519054878,,,,,0.519054878,,,,
AddGate_z_inGap_101_.qasm,0.125,0.125,0.125,,,,,,,,,,,,
AddGate_z_inGap_102_.qasm,0.109375,0.109375,0.109375,,,,,,,,,,,,
AddGate_z_inGap_103_.qasm,0.458333333,0.458333333,0.458333333,,,,,,,,,,,,
AddGate_z_inGap_104_.qasm,0.354166667,0.354166667,0.354166667,,,,,,,,,,,,
AddGate_z_inGap_105_.qasm,0.395833333,0.395833333,0.395833333,,,,,,,,,,,,
AddGate_z_inGap_106_.qasm,0.552083333,0.552083333,0.552083333,,,,,,,,,,,,
AddGate_z_inGap_107_.qasm,0.395833333,0.395833333,0.395833333,,,,,,,,,,,,
AddGate_z_inGap_108_.qasm,0.276041667,0.276041667,0.276041667,,,,,,,,,,,,
AddGate_z_inGap_109_.qasm,0.072916667,0.072916667,0.072916667,,,,,,,,,,,,
AddGate_z_inGap_110_.qasm,0.260416667,0.260416667,0.260416667,,,,,,,,,,,,
AddGate_z_inGap_111_.qasm,0.265625,0.265625,0.265625,,,,,,,,,,,,
AddGate_z_inGap_50_.qasm,0.682291667,0.682291667,0.682291667,,,,,,,,,,,,
AddGate_z_inGap_51_.qasm,0.697916667,0.697916667,0.697916667,,,,,,,,,,,,
AddGate_z_inGap_52_.qasm,0.958333333,0.958333333,0.958333333,,,,,,,,,,,,
AddGate_z_inGap_53_.qasm,0.510416667,0.510416667,0.510416667,,,,,,,,,,,,
AddGate_z_inGap_54_.qasm,0.3125,0.3125,0.3125,,,,,,,,,,,,
AddGate_z_inGap_55_.qasm,0.317708333,0.317708333,0.317708333,,,,,,,,,,,,
AddGate_z_inGap_56_.qasm,0.427083333,0.427083333,0.427083333,,,,,,,,,,,,
AddGate_z_inGap_57_.qasm,0.619791667,0.619791667,0.619791667,,,,,,,,,,,,
AddGate_z_inGap_58_.qasm,0.921875,0.921875,0.921875,,,,,,,,,,,,
AddGate_z_inGap_59_.qasm,0.682291667,0.682291667,0.682291667,,,,,,,,,,,,
AddGate_z_inGap_60_.qasm,0.703125,0.703125,0.703125,,,,,,,,,,,,
AddGate_z_inGap_61_.qasm,0.640625,0.640625,0.640625,,,,,,,,,,,,
AddGate_z_inGap_62_.qasm,0.3125,0.3125,0.3125,,,,,,,,,,,,
AddGate_z_inGap_63_.qasm,0.9375,0.9375,0.9375,,,,,,,,,,,,
AddGate_z_inGap_64_.qasm,0.911458333,0.911458333,0.911458333,,,,,,,,,,,,
AddGate_z_inGap_65_.qasm,0.942708333,0.942708333,0.942708333,,,,,,,,,,,,
AddGate_z_inGap_66_.qasm,0.942708333,0.942708333,0.942708333,,,,,,,,,,,,
AddGate_z_inGap_67_.qasm,0.296875,0.296875,0.296875,,,,,,,,,,,,
AddGate_z_inGap_68_.qasm,0.677083333,0.677083333,0.677083333,,,,,,,,,,,,
AddGate_z_inGap_69_.qasm,0.302083333,0.302083333,0.302083333,,,,,,,,,,,,
AddGate_z_inGap_70_.qasm,0.322916667,0.322916667,0.322916667,,,,,,,,,,,,
AddGate_z_inGap_71_.qasm,0.1875,0.1875,0.1875,,,,,,,,,,,,
AddGate_z_inGap_72_.qasm,0.609375,0.609375,0.609375,,,,,,,,,,,,
AddGate_z_inGap_73_.qasm,0.489583333,0.489583333,0.489583333,,,,,,,,,,,,
AddGate_z_inGap_74_.qasm,0.901041667,0.901041667,0.901041667,,,,,,,,,,,,
AddGate_z_inGap_75_.qasm,0.598958333,0.598958333,0.598958333,,,,,,,,,,,,
AddGate_z_inGap_97_.qasm,0.364583333,0.364583333,0.364583333,,,,,,,,,,,,
AddGate_z_inGap_98_.qasm,0.625,0.625,0.625,,,,,,,,,,,,
AddGate_z_inGap_99_.qasm,0.432291667,0.432291667,0.432291667,,,,,,,,,,,,
,,,,,,,,,,,,,,,
,,,,,,,,,,,,,,,
,,,,,,,,,,,,,,,
,,,,,,,,,,,,,,,
Rand,Best,Worst,,,,,,,,,,,,,
0.69770347,0.364583333,0.364583333,,0.34375,0.34375,,0.511501736,0.455729167,0,0,,0.511501736,0.455729167,0,0
0.757602143,0.640625,0.640625,,0.427083333,0.427083333,,,,,,,,,,
0.618469562,0.682291667,0.682291667,,0.635416667,0.635416667,,,,,,,,,,
0.542199107,0.072916667,0.072916667,,1,1,,,,,,,,,,
0.303960232,0.109375,0.109375,,0.875,0.875,,,,,,,,,,
0.247122831,0.901041667,0.901041667,,0.369791667,0.369791667,,,,,,,,,,
0.406676314,0.911458333,0.911458333,,0.776041667,0.776041667,,,,,,,,,,
0.842836934,0.6875,0.6875,,0.921875,0.921875,,,,,,,,,,
0.339578317,0.276041667,0.276041667,,0.375,0.375,,,,,,,,,,
0.193808879,0.619791667,0.619791667,,0.458333333,0.458333333,,,,,,,,,,
0.373183672,0.302083333,0.302083333,,0.223958333,0.223958333,,,,,,,,,,
0.826181781,0.703125,0.703125,,0.510416667,0.510416667,,,,,,,,,,
0.310037968,0.958333333,0.958333333,,0.192708333,0.192708333,,,,,,,,,,
0.360531355,0.9375,0.9375,,0.5625,0.5625,,,,,,,,,,
0.726131267,0.265625,0.265625,,0.421875,0.421875,,,,,,,,,,
0.755358225,0.395833333,0.395833333,,0.057291667,0.057291667,,,,,,,,,,
0.916112949,0.395833333,0.395833333,,0.453125,0.453125,,,,,,,,,,
0.638669287,0.625,0.625,,0.5625,0.5625,,,,,,,,,,
0.50181304,0.510416667,0.510416667,,0.34375,0.34375,,,,,,,,,,
0.505473256,0.1875,0.1875,,0.104166667,0.104166667,,,,,,,,,,
0.655443691,0.942708333,0.942708333,,0.973958333,0.973958333,,,,,,,,,,
0.550414155,0.677083333,0.677083333,,0.364583333,0.364583333,,,,,,,,,,
0.592624348,0.260416667,0.260416667,,0.640625,0.640625,,,,,,,,,,
0.781981194,0.682291667,0.682291667,,0.682291667,0.682291667,,,,,,,,,,
0.454313579,0.489583333,0.489583333,,,,,,,,,,,,,
0.541237637,0.552083333,0.552083333,,,,,,,,,,,,,
0.431439418,0.942708333,0.942708333,,,,,,,,,,,,,
0.798697957,0.697916667,0.697916667,,,,,,,,,,,,,
0.435156089,0.3125,0.3125,,,,,,,,,,,,,
0.08187444,0.598958333,0.598958333,,,,,,,,,,,,,
0.204659292,0.3125,0.3125,,,,,,,,,,,,,
0.580013809,0.296875,0.296875,,,,,,,,,,,,,
0.250662346,0.432291667,0.432291667,,,,,,,,,,,,,
0.044377299,0.317708333,0.317708333,,,,,,,,,,,,,
0.577379114,0.322916667,0.322916667,,,,,,,,,,,,,
0.664525681,0.354166667,0.354166667,,,,,,,,,,,,,
0.943561046,0.921875,0.921875,,,,,,,,,,,,,
0.337638933,0.458333333,0.458333333,,,,,,,,,,,,,
0.752685003,0.609375,0.609375,,,,,,,,,,,,,
0.613824297,0.427083333,0.427083333,,,,,,,,,,,,,
0.884492262,0.125,0.125,,,,,,,,,,,,,
0.837399454,,,,,,,,,,,,,,,
0.654994591,,,,,,,,,,,,,,,
0.644046754,,,,,,,,,,,,,,,
0.606805336,,,,,,,,,,,,,,,
0.297114011,,,,,,,,,,,,,,,
0.766268324,,,,,,,,,,,,,,,
0.999531956,,,,,,,,,,,,,,,
0.973670869,,,,,,,,,,,,,,,
0.966360939,,,,,,,,,,,,,,,
0.329234843,,,,,,,,,,,,,,,
0.319427754,,,,,,,,,,,,,,,
0.382056928,,,,,,,,,,,,,,,
0.910676137,,,,,,,,,,,,,,,
0.471989664,,,,,,,,,,,,,,,
0.472223203,,,,,,,,,,,,,,,
0.147501107,,,,,,,,,,,,,,,
0.945085509,,,,,,,,,,,,,,,
0.762115265,,,,,,,,,,,,,,,
0.310641382,,,,,,,,,,,,,,,
0.190805245,,,,,,,,,,,,,,,
0.154525654,,,,,,,,,,,,,,,
0.333918013,,,,,,,,,,,,,,,
0.811499238,,,,,,,,,,,,,,,
0.811289915,,,,,,,,,,,,,,,
0.283230776,,,,,,,,,,,,,,,
0.425702373,,,,,,,,,,,,,,,
0.681242938,,,,,,,,,,,,,,,
0.217585707,,,,,,,,,,,,,,,
0.956720251,,,,,,,,,,,,,,,
0.682703306,,,,,,,,,,,,,,,
0.366717974,,,,,,,,,,,,,,,
0.819701523,,,,,,,,,,,,,,,
0.675612556,,,,,,,,,,,,,,,
0.55879078,,,,,,,,,,,,,,,
0.081904218,,,,,,,,,,,,,,,
0.613551838,,,,,,,,,,,,,,,
0.656030495,,,,,,,,,,,,,,,
0.066225787,,,,,,,,,,,,,,,
0.119188824,,,,,,,,,,,,,,,
0.799978404,,,,,,,,,,,,,,,
0.766885778,,,,,,,,,,,,,,,
0.545469927,,,,,,,,,,,,,,,
0.380113742,,,,,,,,,,,,,,,
0.087780313,,,,,,,,,,,,,,,
0.422244677,,,,,,,,,,,,,,,
0.452462772,,,,,,,,,,,,,,,
0.468257486,,,,,,,,,,,,,,,
0.208179059,,,,,,,,,,,,,,,
0.812333395,,,,,,,,,,,,,,,
0.977981195,,,,,,,,,,,,,,,
0.244247577,,,,,,,,,,,,,,,
0.706126982,,,,,,,,,,,,,,,
0.106044442,,,,,,,,,,,,,,,
0.521754097,,,,,,,,,,,,,,,
0.318427618,,,,,,,,,,,,,,,
0.697007173,,,,,,,,,,,,,,,
0.485324005,,,,,,,,,,,,,,,
0.550286513,,,,,,,,,,,,,,,
0.202340552,,,,,,,,,,,,,,,
0.669118193,,,,,,,,,,,,,,,
0.086861726,,,,,,,,,,,,,,,
0.159362878,,,,,,,,,,,,,,,
0.126006058,,,,,,,,,,,,,,,
0.351137736,,,,,,,,,,,,,,,
0.877089695,,,,,,,,,,,,,,,
0.867373864,,,,,,,,,,,,,,,
