Program,best_exam_score,worst_exam_score,avg_exam_score,,,,,,,Barinel (Perfect EXAM = 0.0476),,,,,
,,,,,,Average EXAM Best-Case By Gate,Average EXAM Best-Case Overall,Median EXAM Best-Case,% Top 1 Best-Case,% Top 3 Best-Case,Average EXAM Worst-Case By Gate,Average EXAM Worst-Case Overall,Median EXAM Worst-Case,% Top 1 Worst-Case,% Top 3 Worst-Case
AddGate_ccx_inGap_10_.qasm,0.761904762,0.761904762,0.761904762,,CCX,0.680272109,0.471322075,0.428571429,0.121405751,0.274760383,0.680272109,0.474060551,0.428571429,0.108626198,0.274760383
AddGate_ccx_inGap_11_.qasm,0.714285714,0.714285714,0.714285714,,,,,,,,,,,,
AddGate_ccx_inGap_12_.qasm,0.952380952,0.952380952,0.952380952,,,,,,,,,,,,
AddGate_ccx_inGap_13_.qasm,0.238095238,0.238095238,0.238095238,,,,,,,,,,,,
AddGate_ccx_inGap_14_.qasm,0.857142857,0.857142857,0.857142857,,,,,,,,,,,,
AddGate_ccx_inGap_15_.qasm,0.857142857,0.857142857,0.857142857,,,,,,,,,,,,
AddGate_ccx_inGap_16_.qasm,0.333333333,0.333333333,0.333333333,,,,,,,,,,,,
AddGate_ccx_inGap_17_.qasm,0.619047619,0.619047619,0.619047619,,,,,,,,,,,,
AddGate_ccx_inGap_18_.qasm,1,1,1,,,,,,,,,,,,
AddGate_ccx_inGap_19_.qasm,0.952380952,0.952380952,0.952380952,,,,,,,,,,,,
AddGate_ccx_inGap_20_.qasm,0.428571429,0.428571429,0.428571429,,,,,,,,,,,,
AddGate_ccx_inGap_7_.qasm,0.619047619,0.619047619,0.619047619,,,,,,,,,,,,
AddGate_ccx_inGap_8_.qasm,0.761904762,0.761904762,0.761904762,,,,,,,,,,,,
AddGate_ccx_inGap_9_.qasm,0.428571429,0.428571429,0.428571429,,,,,,,,,,,,
AddGate_cswap_inGap_10_.qasm,0.619047619,0.619047619,0.619047619,,CSWAP,0.87414966,,,,,0.87414966,,,,
AddGate_cswap_inGap_11_.qasm,0.714285714,0.714285714,0.714285714,,,,,,,,,,,,
AddGate_cswap_inGap_12_.qasm,0.857142857,0.857142857,0.857142857,,,,,,,,,,,,
AddGate_cswap_inGap_13_.qasm,1,1,1,,,,,,,,,,,,
AddGate_cswap_inGap_14_.qasm,1,1,1,,,,,,,,,,,,
AddGate_cswap_inGap_15_.qasm,0.952380952,0.952380952,0.952380952,,,,,,,,,,,,
AddGate_cswap_inGap_16_.qasm,1,1,1,,,,,,,,,,,,
AddGate_cswap_inGap_17_.qasm,1,1,1,,,,,,,,,,,,
AddGate_cswap_inGap_18_.qasm,0.904761905,0.904761905,0.904761905,,,,,,,,,,,,
AddGate_cswap_inGap_19_.qasm,0.857142857,0.857142857,0.857142857,,,,,,,,,,,,
AddGate_cswap_inGap_20_.qasm,0.904761905,0.904761905,0.904761905,,,,,,,,,,,,
AddGate_cswap_inGap_7_.qasm,0.761904762,0.761904762,0.761904762,,,,,,,,,,,,
AddGate_cswap_inGap_8_.qasm,0.904761905,0.904761905,0.904761905,,,,,,,,,,,,
AddGate_cswap_inGap_9_.qasm,0.761904762,0.761904762,0.761904762,,,,,,,,,,,,
AddGate_cx_inGap_10_.qasm,0.80952381,0.80952381,0.80952381,,CX,0.519047619,,,,,0.519047619,,,,
AddGate_cx_inGap_11_.qasm,0.904761905,0.904761905,0.904761905,,,,,,,,,,,,
AddGate_cx_inGap_12_.qasm,0.285714286,0.285714286,0.285714286,,,,,,,,,,,,
AddGate_cx_inGap_13_.qasm,0.666666667,0.666666667,0.666666667,,,,,,,,,,,,
AddGate_cx_inGap_14_.qasm,0.80952381,0.80952381,0.80952381,,,,,,,,,,,,
AddGate_cx_inGap_15_.qasm,0.285714286,0.285714286,0.285714286,,,,,,,,,,,,
AddGate_cx_inGap_16_.qasm,0.380952381,0.380952381,0.380952381,,,,,,,,,,,,
AddGate_cx_inGap_17_.qasm,0.19047619,0.19047619,0.19047619,,,,,,,,,,,,
AddGate_cx_inGap_18_.qasm,0.142857143,0.142857143,0.142857143,,,,,,,,,,,,
AddGate_cx_inGap_19_.qasm,0.333333333,0.333333333,0.333333333,,,,,,,,,,,,
AddGate_cx_inGap_1_.qasm,0.761904762,0.761904762,0.761904762,,,,,,,,,,,,
AddGate_cx_inGap_20_.qasm,0.619047619,0.619047619,0.619047619,,,,,,,,,,,,
AddGate_cx_inGap_2_.qasm,0.428571429,0.428571429,0.428571429,,,,,,,,,,,,
AddGate_cx_inGap_3_.qasm,0.523809524,0.523809524,0.523809524,,,,,,,,,,,,
AddGate_cx_inGap_4_.qasm,0.714285714,0.714285714,0.714285714,,,,,,,,,,,,
AddGate_cx_inGap_5_.qasm,0.571428571,0.571428571,0.571428571,,,,,,,,,,,,
AddGate_cx_inGap_6_.qasm,0.761904762,0.761904762,0.761904762,,,,,,,,,,,,
AddGate_cx_inGap_7_.qasm,0.476190476,0.476190476,0.476190476,,,,,,,,,,,,
AddGate_cx_inGap_8_.qasm,0.476190476,0.476190476,0.476190476,,,,,,,,,,,,
AddGate_cx_inGap_9_.qasm,0.238095238,0.238095238,0.238095238,,,,,,,,,,,,
AddGate_cz_inGap_10_.qasm,0.80952381,0.80952381,0.80952381,,CZ,0.533333333,,,,,0.533333333,,,,
AddGate_cz_inGap_11_.qasm,0.666666667,0.666666667,0.666666667,,,,,,,,,,,,
AddGate_cz_inGap_12_.qasm,0.333333333,0.333333333,0.333333333,,,,,,,,,,,,
AddGate_cz_inGap_13_.qasm,0.952380952,0.952380952,0.952380952,,,,,,,,,,,,
AddGate_cz_inGap_14_.qasm,0.80952381,0.80952381,0.80952381,,,,,,,,,,,,
AddGate_cz_inGap_15_.qasm,0.80952381,0.80952381,0.80952381,,,,,,,,,,,,
AddGate_cz_inGap_1_.qasm,0.333333333,0.333333333,0.333333333,,,,,,,,,,,,
AddGate_cz_inGap_2_.qasm,0.238095238,0.238095238,0.238095238,,,,,,,,,,,,
AddGate_cz_inGap_3_.qasm,0.19047619,0.19047619,0.19047619,,,,,,,,,,,,
AddGate_cz_inGap_4_.qasm,0.666666667,0.666666667,0.666666667,,,,,,,,,,,,
AddGate_cz_inGap_5_.qasm,0.571428571,0.571428571,0.571428571,,,,,,,,,,,,
AddGate_cz_inGap_6_.qasm,0.476190476,0.476190476,0.476190476,,,,,,,,,,,,
AddGate_cz_inGap_7_.qasm,0.714285714,0.714285714,0.714285714,,,,,,,,,,,,
AddGate_cz_inGap_8_.qasm,0.142857143,0.142857143,0.142857143,,,,,,,,,,,,
AddGate_cz_inGap_9_.qasm,0.285714286,0.285714286,0.285714286,,,,,,,,,,,,
AddGate_h_inGap_10_.qasm,0.047619048,0.047619048,0.047619048,,H,0.371428571,,,,,0.376190476,,,,
AddGate_h_inGap_11_.qasm,0.380952381,0.380952381,0.380952381,,,,,,,,,,,,
AddGate_h_inGap_12_.qasm,0.333333333,0.333333333,0.333333333,,,,,,,,,,,,
AddGate_h_inGap_13_.qasm,0.952380952,0.952380952,0.952380952,,,,,,,,,,,,
AddGate_h_inGap_14_.qasm,0.666666667,0.666666667,0.666666667,,,,,,,,,,,,
AddGate_h_inGap_15_.qasm,0.047619048,0.095238095,0.071428571,,,,,,,,,,,,
AddGate_h_inGap_16_.qasm,0.047619048,0.047619048,0.047619048,,,,,,,,,,,,
AddGate_h_inGap_17_.qasm,0.333333333,0.333333333,0.333333333,,,,,,,,,,,,
AddGate_h_inGap_18_.qasm,0.142857143,0.142857143,0.142857143,,,,,,,,,,,,
AddGate_h_inGap_19_.qasm,0.619047619,0.619047619,0.619047619,,,,,,,,,,,,
AddGate_h_inGap_1_.qasm,0.619047619,0.619047619,0.619047619,,,,,,,,,,,,
AddGate_h_inGap_20_.qasm,0.047619048,0.095238095,0.071428571,,,,,,,,,,,,
AddGate_h_inGap_2_.qasm,0.571428571,0.571428571,0.571428571,,,,,,,,,,,,
AddGate_h_inGap_3_.qasm,0.285714286,0.285714286,0.285714286,,,,,,,,,,,,
AddGate_h_inGap_4_.qasm,0.523809524,0.523809524,0.523809524,,,,,,,,,,,,
AddGate_h_inGap_5_.qasm,0.523809524,0.523809524,0.523809524,,,,,,,,,,,,
AddGate_h_inGap_6_.qasm,0.047619048,0.047619048,0.047619048,,,,,,,,,,,,
AddGate_h_inGap_7_.qasm,0.761904762,0.761904762,0.761904762,,,,,,,,,,,,
AddGate_h_inGap_8_.qasm,0.095238095,0.095238095,0.095238095,,,,,,,,,,,,
AddGate_h_inGap_9_.qasm,0.380952381,0.380952381,0.380952381,,,,,,,,,,,,
AddGate_p_inGap_10_.qasm,0.095238095,0.095238095,0.095238095,,P,0.266666667,,,,,0.26984127,,,,
AddGate_p_inGap_11_.qasm,0.619047619,0.619047619,0.619047619,,,,,,,,,,,,
AddGate_p_inGap_12_.qasm,0.333333333,0.333333333,0.333333333,,,,,,,,,,,,
AddGate_p_inGap_13_.qasm,0.80952381,0.80952381,0.80952381,,,,,,,,,,,,
AddGate_p_inGap_14_.qasm,0.333333333,0.333333333,0.333333333,,,,,,,,,,,,
AddGate_p_inGap_15_.qasm,0.095238095,0.142857143,0.119047619,,,,,,,,,,,,
AddGate_p_inGap_1_.qasm,0.047619048,0.047619048,0.047619048,,,,,,,,,,,,
AddGate_p_inGap_2_.qasm,0.047619048,0.047619048,0.047619048,,,,,,,,,,,,
AddGate_p_inGap_3_.qasm,0.047619048,0.047619048,0.047619048,,,,,,,,,,,,
AddGate_p_inGap_4_.qasm,0.380952381,0.380952381,0.380952381,,,,,,,,,,,,
AddGate_p_inGap_5_.qasm,0.285714286,0.285714286,0.285714286,,,,,,,,,,,,
AddGate_p_inGap_6_.qasm,0.047619048,0.047619048,0.047619048,,,,,,,,,,,,
AddGate_p_inGap_7_.qasm,0.285714286,0.285714286,0.285714286,,,,,,,,,,,,
AddGate_p_inGap_8_.qasm,0.047619048,0.047619048,0.047619048,,,,,,,,,,,,
AddGate_p_inGap_9_.qasm,0.523809524,0.523809524,0.523809524,,,,,,,,,,,,
AddGate_rx_inGap_10_.qasm,0.428571429,0.428571429,0.428571429,,RX ,0.478571429,,,,,0.480952381,,,,
AddGate_rx_inGap_11_.qasm,0.523809524,0.523809524,0.523809524,,,,,,,,,,,,
AddGate_rx_inGap_12_.qasm,0.142857143,0.142857143,0.142857143,,,,,,,,,,,,
AddGate_rx_inGap_13_.qasm,0.952380952,0.952380952,0.952380952,,,,,,,,,,,,
AddGate_rx_inGap_14_.qasm,0.571428571,0.571428571,0.571428571,,,,,,,,,,,,
AddGate_rx_inGap_15_.qasm,0.666666667,0.714285714,0.69047619,,,,,,,,,,,,
AddGate_rx_inGap_16_.qasm,0.238095238,0.238095238,0.238095238,,,,,,,,,,,,
AddGate_rx_inGap_17_.qasm,0.142857143,0.142857143,0.142857143,,,,,,,,,,,,
AddGate_rx_inGap_18_.qasm,0.380952381,0.380952381,0.380952381,,,,,,,,,,,,
AddGate_rx_inGap_19_.qasm,0.952380952,0.952380952,0.952380952,,,,,,,,,,,,
AddGate_rx_inGap_1_.qasm,0.904761905,0.904761905,0.904761905,,,,,,,,,,,,
AddGate_rx_inGap_20_.qasm,0.857142857,0.857142857,0.857142857,,,,,,,,,,,,
AddGate_rx_inGap_2_.qasm,0.476190476,0.476190476,0.476190476,,,,,,,,,,,,
AddGate_rx_inGap_3_.qasm,0.19047619,0.19047619,0.19047619,,,,,,,,,,,,
AddGate_rx_inGap_4_.qasm,0.142857143,0.142857143,0.142857143,,,,,,,,,,,,
AddGate_rx_inGap_5_.qasm,0.714285714,0.714285714,0.714285714,,,,,,,,,,,,
AddGate_rx_inGap_6_.qasm,0.666666667,0.666666667,0.666666667,,,,,,,,,,,,
AddGate_rx_inGap_7_.qasm,0.047619048,0.047619048,0.047619048,,,,,,,,,,,,
AddGate_rx_inGap_8_.qasm,0.476190476,0.476190476,0.476190476,,,,,,,,,,,,
AddGate_rx_inGap_9_.qasm,0.095238095,0.095238095,0.095238095,,,,,,,,,,,,
AddGate_rxx_inGap_10_.qasm,0.619047619,0.619047619,0.619047619,,RXX,0.373809524,,,,,0.373809524,,,,
AddGate_rxx_inGap_11_.qasm,0.047619048,0.047619048,0.047619048,,,,,,,,,,,,
AddGate_rxx_inGap_12_.qasm,0.80952381,0.80952381,0.80952381,,,,,,,,,,,,
AddGate_rxx_inGap_13_.qasm,0.047619048,0.047619048,0.047619048,,,,,,,,,,,,
AddGate_rxx_inGap_14_.qasm,0.380952381,0.380952381,0.380952381,,,,,,,,,,,,
AddGate_rxx_inGap_15_.qasm,0.095238095,0.095238095,0.095238095,,,,,,,,,,,,
AddGate_rxx_inGap_16_.qasm,0.571428571,0.571428571,0.571428571,,,,,,,,,,,,
AddGate_rxx_inGap_17_.qasm,0.047619048,0.047619048,0.047619048,,,,,,,,,,,,
AddGate_rxx_inGap_18_.qasm,0.047619048,0.047619048,0.047619048,,,,,,,,,,,,
AddGate_rxx_inGap_19_.qasm,0.523809524,0.523809524,0.523809524,,,,,,,,,,,,
AddGate_rxx_inGap_1_.qasm,0.19047619,0.19047619,0.19047619,,,,,,,,,,,,
AddGate_rxx_inGap_20_.qasm,0.619047619,0.619047619,0.619047619,,,,,,,,,,,,
AddGate_rxx_inGap_2_.qasm,0.619047619,0.619047619,0.619047619,,,,,,,,,,,,
AddGate_rxx_inGap_3_.qasm,0.047619048,0.047619048,0.047619048,,,,,,,,,,,,
AddGate_rxx_inGap_4_.qasm,0.666666667,0.666666667,0.666666667,,,,,,,,,,,,
AddGate_rxx_inGap_5_.qasm,0.714285714,0.714285714,0.714285714,,,,,,,,,,,,
AddGate_rxx_inGap_6_.qasm,0.047619048,0.047619048,0.047619048,,,,,,,,,,,,
AddGate_rxx_inGap_7_.qasm,0.333333333,0.333333333,0.333333333,,,,,,,,,,,,
AddGate_rxx_inGap_8_.qasm,0.952380952,0.952380952,0.952380952,,,,,,,,,,,,
AddGate_rxx_inGap_9_.qasm,0.095238095,0.095238095,0.095238095,,,,,,,,,,,,
AddGate_ry_inGap_10_.qasm,0.142857143,0.142857143,0.142857143,,RY,0.414285714,,,,,0.419047619,,,,
AddGate_ry_inGap_11_.qasm,0.047619048,0.047619048,0.047619048,,,,,,,,,,,,
AddGate_ry_inGap_12_.qasm,0.428571429,0.428571429,0.428571429,,,,,,,,,,,,
AddGate_ry_inGap_13_.qasm,0.666666667,0.666666667,0.666666667,,,,,,,,,,,,
AddGate_ry_inGap_14_.qasm,0.714285714,0.714285714,0.714285714,,,,,,,,,,,,
AddGate_ry_inGap_15_.qasm,0.571428571,0.619047619,0.595238095,,,,,,,,,,,,
AddGate_ry_inGap_16_.qasm,0.047619048,0.047619048,0.047619048,,,,,,,,,,,,
AddGate_ry_inGap_17_.qasm,0.428571429,0.428571429,0.428571429,,,,,,,,,,,,
AddGate_ry_inGap_18_.qasm,0.047619048,0.047619048,0.047619048,,,,,,,,,,,,
AddGate_ry_inGap_19_.qasm,0.714285714,0.714285714,0.714285714,,,,,,,,,,,,
AddGate_ry_inGap_1_.qasm,0.380952381,0.380952381,0.380952381,,,,,,,,,,,,
AddGate_ry_inGap_20_.qasm,0.523809524,0.571428571,0.547619048,,,,,,,,,,,,
AddGate_ry_inGap_2_.qasm,0.428571429,0.428571429,0.428571429,,,,,,,,,,,,
AddGate_ry_inGap_3_.qasm,0.095238095,0.095238095,0.095238095,,,,,,,,,,,,
AddGate_ry_inGap_4_.qasm,0.952380952,0.952380952,0.952380952,,,,,,,,,,,,
AddGate_ry_inGap_5_.qasm,0.523809524,0.523809524,0.523809524,,,,,,,,,,,,
AddGate_ry_inGap_6_.qasm,0.761904762,0.761904762,0.761904762,,,,,,,,,,,,
AddGate_ry_inGap_7_.qasm,0.095238095,0.095238095,0.095238095,,,,,,,,,,,,
AddGate_ry_inGap_8_.qasm,0.047619048,0.047619048,0.047619048,,,,,,,,,,,,
AddGate_ry_inGap_9_.qasm,0.666666667,0.666666667,0.666666667,,,,,,,,,,,,
AddGate_rz_inGap_10_.qasm,0.285714286,0.285714286,0.285714286,,RZ ,0.346031746,,,,,0.352380952,,,,
AddGate_rz_inGap_11_.qasm,0.666666667,0.666666667,0.666666667,,,,,,,,,,,,
AddGate_rz_inGap_12_.qasm,0.19047619,0.19047619,0.19047619,,,,,,,,,,,,
AddGate_rz_inGap_13_.qasm,0.666666667,0.714285714,0.69047619,,,,,,,,,,,,
AddGate_rz_inGap_14_.qasm,0.761904762,0.761904762,0.761904762,,,,,,,,,,,,
AddGate_rz_inGap_15_.qasm,0.761904762,0.80952381,0.785714286,,,,,,,,,,,,
AddGate_rz_inGap_1_.qasm,0.047619048,0.047619048,0.047619048,,,,,,,,,,,,
AddGate_rz_inGap_2_.qasm,0.142857143,0.142857143,0.142857143,,,,,,,,,,,,
AddGate_rz_inGap_3_.qasm,0.047619048,0.047619048,0.047619048,,,,,,,,,,,,
AddGate_rz_inGap_4_.qasm,0.142857143,0.142857143,0.142857143,,,,,,,,,,,,
AddGate_rz_inGap_5_.qasm,0.047619048,0.047619048,0.047619048,,,,,,,,,,,,
AddGate_rz_inGap_6_.qasm,0.142857143,0.142857143,0.142857143,,,,,,,,,,,,
AddGate_rz_inGap_7_.qasm,0.19047619,0.19047619,0.19047619,,,,,,,,,,,,
AddGate_rz_inGap_8_.qasm,0.80952381,0.80952381,0.80952381,,,,,,,,,,,,
AddGate_rz_inGap_9_.qasm,0.285714286,0.285714286,0.285714286,,,,,,,,,,,,
AddGate_rzz_inGap_10_.qasm,1,1,1,,RZZ,0.615873016,,,,,0.615873016,,,,
AddGate_rzz_inGap_11_.qasm,0.19047619,0.19047619,0.19047619,,,,,,,,,,,,
AddGate_rzz_inGap_12_.qasm,0.619047619,0.619047619,0.619047619,,,,,,,,,,,,
AddGate_rzz_inGap_13_.qasm,0.428571429,0.428571429,0.428571429,,,,,,,,,,,,
AddGate_rzz_inGap_14_.qasm,0.619047619,0.619047619,0.619047619,,,,,,,,,,,,
AddGate_rzz_inGap_15_.qasm,0.333333333,0.333333333,0.333333333,,,,,,,,,,,,
AddGate_rzz_inGap_1_.qasm,0.523809524,0.523809524,0.523809524,,,,,,,,,,,,
AddGate_rzz_inGap_2_.qasm,0.666666667,0.666666667,0.666666667,,,,,,,,,,,,
AddGate_rzz_inGap_3_.qasm,1,1,1,,,,,,,,,,,,
AddGate_rzz_inGap_4_.qasm,0.523809524,0.523809524,0.523809524,,,,,,,,,,,,
AddGate_rzz_inGap_5_.qasm,0.666666667,0.666666667,0.666666667,,,,,,,,,,,,
AddGate_rzz_inGap_6_.qasm,0.047619048,0.047619048,0.047619048,,,,,,,,,,,,
AddGate_rzz_inGap_7_.qasm,0.714285714,0.714285714,0.714285714,,,,,,,,,,,,
AddGate_rzz_inGap_8_.qasm,0.904761905,0.904761905,0.904761905,,,,,,,,,,,,
AddGate_rzz_inGap_9_.qasm,1,1,1,,,,,,,,,,,,
AddGate_s_inGap_10_.qasm,0.047619048,0.047619048,0.047619048,,S,0.288888889,,,,,0.292063492,,,,
AddGate_s_inGap_11_.qasm,0.619047619,0.619047619,0.619047619,,,,,,,,,,,,
AddGate_s_inGap_12_.qasm,0.142857143,0.142857143,0.142857143,,,,,,,,,,,,
AddGate_s_inGap_13_.qasm,0.19047619,0.19047619,0.19047619,,,,,,,,,,,,
AddGate_s_inGap_14_.qasm,0.904761905,0.904761905,0.904761905,,,,,,,,,,,,
AddGate_s_inGap_15_.qasm,0.380952381,0.428571429,0.404761905,,,,,,,,,,,,
AddGate_s_inGap_1_.qasm,0.047619048,0.047619048,0.047619048,,,,,,,,,,,,
AddGate_s_inGap_2_.qasm,0.19047619,0.19047619,0.19047619,,,,,,,,,,,,
AddGate_s_inGap_3_.qasm,0.142857143,0.142857143,0.142857143,,,,,,,,,,,,
AddGate_s_inGap_4_.qasm,0.238095238,0.238095238,0.238095238,,,,,,,,,,,,
AddGate_s_inGap_5_.qasm,0.238095238,0.238095238,0.238095238,,,,,,,,,,,,
AddGate_s_inGap_6_.qasm,0.333333333,0.333333333,0.333333333,,,,,,,,,,,,
AddGate_s_inGap_7_.qasm,0.238095238,0.238095238,0.238095238,,,,,,,,,,,,
AddGate_s_inGap_8_.qasm,0.142857143,0.142857143,0.142857143,,,,,,,,,,,,
AddGate_s_inGap_9_.qasm,0.476190476,0.476190476,0.476190476,,,,,,,,,,,,
AddGate_swap_inGap_10_.qasm,0.904761905,0.904761905,0.904761905,,SWAP,0.530952381,,,,,0.530952381,,,,
AddGate_swap_inGap_11_.qasm,0.095238095,0.095238095,0.095238095,,,,,,,,,,,,
AddGate_swap_inGap_12_.qasm,0.238095238,0.238095238,0.238095238,,,,,,,,,,,,
AddGate_swap_inGap_13_.qasm,0.80952381,0.80952381,0.80952381,,,,,,,,,,,,
AddGate_swap_inGap_14_.qasm,0.476190476,0.476190476,0.476190476,,,,,,,,,,,,
AddGate_swap_inGap_15_.qasm,0.047619048,0.047619048,0.047619048,,,,,,,,,,,,
AddGate_swap_inGap_16_.qasm,0.380952381,0.380952381,0.380952381,,,,,,,,,,,,
AddGate_swap_inGap_17_.qasm,0.761904762,0.761904762,0.761904762,,,,,,,,,,,,
AddGate_swap_inGap_18_.qasm,0.19047619,0.19047619,0.19047619,,,,,,,,,,,,
AddGate_swap_inGap_19_.qasm,0.238095238,0.238095238,0.238095238,,,,,,,,,,,,
AddGate_swap_inGap_1_.qasm,0.714285714,0.714285714,0.714285714,,,,,,,,,,,,
AddGate_swap_inGap_20_.qasm,0.666666667,0.666666667,0.666666667,,,,,,,,,,,,
AddGate_swap_inGap_2_.qasm,0.904761905,0.904761905,0.904761905,,,,,,,,,,,,
AddGate_swap_inGap_3_.qasm,0.952380952,0.952380952,0.952380952,,,,,,,,,,,,
AddGate_swap_inGap_4_.qasm,1,1,1,,,,,,,,,,,,
AddGate_swap_inGap_5_.qasm,0.952380952,0.952380952,0.952380952,,,,,,,,,,,,
AddGate_swap_inGap_6_.qasm,0.047619048,0.047619048,0.047619048,,,,,,,,,,,,
AddGate_swap_inGap_7_.qasm,1,1,1,,,,,,,,,,,,
AddGate_swap_inGap_8_.qasm,0.047619048,0.047619048,0.047619048,,,,,,,,,,,,
AddGate_swap_inGap_9_.qasm,0.19047619,0.19047619,0.19047619,,,,,,,,,,,,
AddGate_sx_inGap_10_.qasm,0.380952381,0.380952381,0.380952381,,SX,0.511904762,,,,,0.514285714,,,,
AddGate_sx_inGap_11_.qasm,0.952380952,0.952380952,0.952380952,,,,,,,,,,,,
AddGate_sx_inGap_12_.qasm,0.142857143,0.142857143,0.142857143,,,,,,,,,,,,
AddGate_sx_inGap_13_.qasm,0.333333333,0.333333333,0.333333333,,,,,,,,,,,,
AddGate_sx_inGap_14_.qasm,0.761904762,0.761904762,0.761904762,,,,,,,,,,,,
AddGate_sx_inGap_15_.qasm,0.571428571,0.619047619,0.595238095,,,,,,,,,,,,
AddGate_sx_inGap_16_.qasm,0.095238095,0.095238095,0.095238095,,,,,,,,,,,,
AddGate_sx_inGap_17_.qasm,0.523809524,0.523809524,0.523809524,,,,,,,,,,,,
AddGate_sx_inGap_18_.qasm,0.285714286,0.285714286,0.285714286,,,,,,,,,,,,
AddGate_sx_inGap_19_.qasm,0.476190476,0.476190476,0.476190476,,,,,,,,,,,,
AddGate_sx_inGap_1_.qasm,0.285714286,0.285714286,0.285714286,,,,,,,,,,,,
AddGate_sx_inGap_20_.qasm,0.619047619,0.619047619,0.619047619,,,,,,,,,,,,
AddGate_sx_inGap_2_.qasm,0.047619048,0.047619048,0.047619048,,,,,,,,,,,,
AddGate_sx_inGap_3_.qasm,0.952380952,0.952380952,0.952380952,,,,,,,,,,,,
AddGate_sx_inGap_4_.qasm,0.571428571,0.571428571,0.571428571,,,,,,,,,,,,
AddGate_sx_inGap_5_.qasm,0.904761905,0.904761905,0.904761905,,,,,,,,,,,,
AddGate_sx_inGap_6_.qasm,0.952380952,0.952380952,0.952380952,,,,,,,,,,,,
AddGate_sx_inGap_7_.qasm,0.333333333,0.333333333,0.333333333,,,,,,,,,,,,
AddGate_sx_inGap_8_.qasm,0.761904762,0.761904762,0.761904762,,,,,,,,,,,,
AddGate_sx_inGap_9_.qasm,0.285714286,0.285714286,0.285714286,,,,,,,,,,,,
AddGate_t_inGap_10_.qasm,0.19047619,0.19047619,0.19047619,,T,0.39047619,,,,,0.393650794,,,,
AddGate_t_inGap_11_.qasm,0.952380952,0.952380952,0.952380952,,,,,,,,,,,,
AddGate_t_inGap_12_.qasm,0.476190476,0.476190476,0.476190476,,,,,,,,,,,,
AddGate_t_inGap_13_.qasm,0.047619048,0.047619048,0.047619048,,,,,,,,,,,,
AddGate_t_inGap_14_.qasm,0.80952381,0.80952381,0.80952381,,,,,,,,,,,,
AddGate_t_inGap_15_.qasm,0.857142857,0.904761905,0.880952381,,,,,,,,,,,,
AddGate_t_inGap_1_.qasm,0.142857143,0.142857143,0.142857143,,,,,,,,,,,,
AddGate_t_inGap_2_.qasm,0.095238095,0.095238095,0.095238095,,,,,,,,,,,,
AddGate_t_inGap_3_.qasm,0.333333333,0.333333333,0.333333333,,,,,,,,,,,,
AddGate_t_inGap_4_.qasm,0.619047619,0.619047619,0.619047619,,,,,,,,,,,,
AddGate_t_inGap_5_.qasm,0.428571429,0.428571429,0.428571429,,,,,,,,,,,,
AddGate_t_inGap_6_.qasm,0.285714286,0.285714286,0.285714286,,,,,,,,,,,,
AddGate_t_inGap_7_.qasm,0.380952381,0.380952381,0.380952381,,,,,,,,,,,,
AddGate_t_inGap_8_.qasm,0.095238095,0.095238095,0.095238095,,,,,,,,,,,,
AddGate_t_inGap_9_.qasm,0.142857143,0.142857143,0.142857143,,,,,,,,,,,,
AddGate_x_inGap_10_.qasm,0.619047619,0.619047619,0.619047619,,X,0.545238095,,,,,0.55,,,,
AddGate_x_inGap_11_.qasm,0.333333333,0.333333333,0.333333333,,,,,,,,,,,,
AddGate_x_inGap_12_.qasm,0.238095238,0.238095238,0.238095238,,,,,,,,,,,,
AddGate_x_inGap_13_.qasm,0.714285714,0.714285714,0.714285714,,,,,,,,,,,,
AddGate_x_inGap_14_.qasm,0.428571429,0.428571429,0.428571429,,,,,,,,,,,,
AddGate_x_inGap_15_.qasm,0.714285714,0.761904762,0.738095238,,,,,,,,,,,,
AddGate_x_inGap_16_.qasm,0.238095238,0.238095238,0.238095238,,,,,,,,,,,,
AddGate_x_inGap_17_.qasm,0.428571429,0.428571429,0.428571429,,,,,,,,,,,,
AddGate_x_inGap_18_.qasm,0.523809524,0.523809524,0.523809524,,,,,,,,,,,,
AddGate_x_inGap_19_.qasm,0.047619048,0.047619048,0.047619048,,,,,,,,,,,,
AddGate_x_inGap_1_.qasm,0.80952381,0.80952381,0.80952381,,,,,,,,,,,,
AddGate_x_inGap_20_.qasm,0.857142857,0.904761905,0.880952381,,,,,,,,,,,,
AddGate_x_inGap_2_.qasm,0.142857143,0.142857143,0.142857143,,,,,,,,,,,,
AddGate_x_inGap_3_.qasm,0.666666667,0.666666667,0.666666667,,,,,,,,,,,,
AddGate_x_inGap_4_.qasm,1,1,1,,,,,,,,,,,,
AddGate_x_inGap_5_.qasm,0.761904762,0.761904762,0.761904762,,,,,,,,,,,,
AddGate_x_inGap_6_.qasm,0.285714286,0.285714286,0.285714286,,,,,,,,,,,,
AddGate_x_inGap_7_.qasm,0.952380952,0.952380952,0.952380952,,,,,,,,,,,,
AddGate_x_inGap_8_.qasm,0.285714286,0.285714286,0.285714286,,,,,,,,,,,,
AddGate_x_inGap_9_.qasm,0.857142857,0.857142857,0.857142857,,,,,,,,,,,,
AddGate_y_inGap_10_.qasm,0.19047619,0.19047619,0.19047619,,Y,0.45,,,,,0.454761905,,,,
AddGate_y_inGap_11_.qasm,0.047619048,0.047619048,0.047619048,,,,,,,,,,,,
AddGate_y_inGap_12_.qasm,0.333333333,0.333333333,0.333333333,,,,,,,,,,,,
AddGate_y_inGap_13_.qasm,0.285714286,0.285714286,0.285714286,,,,,,,,,,,,
AddGate_y_inGap_14_.qasm,0.142857143,0.142857143,0.142857143,,,,,,,,,,,,
AddGate_y_inGap_15_.qasm,0.476190476,0.523809524,0.5,,,,,,,,,,,,
AddGate_y_inGap_16_.qasm,0.476190476,0.476190476,0.476190476,,,,,,,,,,,,
AddGate_y_inGap_17_.qasm,0.619047619,0.619047619,0.619047619,,,,,,,,,,,,
AddGate_y_inGap_18_.qasm,0.380952381,0.380952381,0.380952381,,,,,,,,,,,,
AddGate_y_inGap_19_.qasm,0.428571429,0.428571429,0.428571429,,,,,,,,,,,,
AddGate_y_inGap_1_.qasm,0.19047619,0.19047619,0.19047619,,,,,,,,,,,,
AddGate_y_inGap_20_.qasm,0.047619048,0.095238095,0.071428571,,,,,,,,,,,,
AddGate_y_inGap_2_.qasm,0.666666667,0.666666667,0.666666667,,,,,,,,,,,,
AddGate_y_inGap_3_.qasm,0.666666667,0.666666667,0.666666667,,,,,,,,,,,,
AddGate_y_inGap_4_.qasm,0.666666667,0.666666667,0.666666667,,,,,,,,,,,,
AddGate_y_inGap_5_.qasm,0.666666667,0.666666667,0.666666667,,,,,,,,,,,,
AddGate_y_inGap_6_.qasm,0.380952381,0.380952381,0.380952381,,,,,,,,,,,,
AddGate_y_inGap_7_.qasm,0.714285714,0.714285714,0.714285714,,,,,,,,,,,,
AddGate_y_inGap_8_.qasm,0.666666667,0.666666667,0.666666667,,,,,,,,,,,,
AddGate_y_inGap_9_.qasm,0.952380952,0.952380952,0.952380952,,,,,,,,,,,,
AddGate_z_inGap_10_.qasm,0.19047619,0.19047619,0.19047619,,Z,0.349206349,,,,,0.358730159,,,,
AddGate_z_inGap_11_.qasm,0.761904762,0.80952381,0.785714286,,,,,,,,,,,,
AddGate_z_inGap_12_.qasm,0.095238095,0.095238095,0.095238095,,,,,,,,,,,,
AddGate_z_inGap_13_.qasm,0.761904762,0.80952381,0.785714286,,,,,,,,,,,,
AddGate_z_inGap_14_.qasm,0.238095238,0.238095238,0.238095238,,,,,,,,,,,,
AddGate_z_inGap_15_.qasm,0.571428571,0.619047619,0.595238095,,,,,,,,,,,,
AddGate_z_inGap_1_.qasm,0.095238095,0.095238095,0.095238095,,,,,,,,,,,,
AddGate_z_inGap_2_.qasm,0.142857143,0.142857143,0.142857143,,,,,,,,,,,,
AddGate_z_inGap_3_.qasm,0.428571429,0.428571429,0.428571429,,,,,,,,,,,,
AddGate_z_inGap_4_.qasm,0.238095238,0.238095238,0.238095238,,,,,,,,,,,,
AddGate_z_inGap_5_.qasm,0.238095238,0.238095238,0.238095238,,,,,,,,,,,,
AddGate_z_inGap_6_.qasm,0.095238095,0.095238095,0.095238095,,,,,,,,,,,,
AddGate_z_inGap_7_.qasm,0.571428571,0.571428571,0.571428571,,,,,,,,,,,,
AddGate_z_inGap_8_.qasm,0.142857143,0.142857143,0.142857143,,,,,,,,,,,,
AddGate_z_inGap_9_.qasm,0.666666667,0.666666667,0.666666667,,,,,,,,,,,,
,,,,,,,,,,,,,,,
,,,,,,,,,,,,,,,
,,,,,,,,,,,,,,,
Rand,Best,Worst,,,,,,,,,,,,,
0.528679275,0.428571429,0.428571429,,,,,,,,,,,,,
0.734299725,0.238095238,0.238095238,,,,,,,,,,,,,
0.923657813,0.238095238,0.238095238,,,,,,,,,,,,,
0.000641909,0.666666667,0.666666667,,,,,,,,,,,,,
0.818202666,0.095238095,0.095238095,,,,,,,,,,,,,
0.75356593,0.095238095,0.095238095,,,,,,,,,,,,,
0.766969693,0.761904762,0.80952381,,,,,,,,,,,,,
0.95133602,0.761904762,0.80952381,,,,,,,,,,,,,
0.315886711,0.571428571,0.571428571,,,,,,,,,,,,,
0.489519447,0.571428571,0.619047619,,,,,,,,,,,,,
0.475347154,0.238095238,0.238095238,,,,,,,,,,,,,
0.347063002,0.095238095,0.095238095,,,,,,,,,,,,,
0.354734139,0.142857143,0.142857143,,,,,,,,,,,,,
0.481316436,0.19047619,0.19047619,,,,,,,,,,,,,
0.562273968,0.142857143,0.142857143,,,,,,,,,,,,,
0.086032533,,,,,,,,,,,,,,,
0.624458428,,,,,,,,,,,,,,,
0.428109493,,,,,,,,,,,,,,,
0.221188873,,,,,,,,,,,,,,,
0.780951514,,,,,,,,,,,,,,,
,,,,,,,,,,,,,,,
,,,,,,,,,,,,,,,
,0.333333333,0.333333333,,0.495590829,0.476190476,0.055555556,0.203703704,,0.497354497,0.476190476,0.037037037,0.203703704,,,
,0.952380952,0.952380952,,,,,,,,,,,,,
,0.761904762,0.761904762,,,,,,,,,,,,,
,0.619047619,0.619047619,,,,,,,,,,,,,
,0.952380952,0.952380952,,,,,,,,,,,,,
,1,1,,,,,,,,,,,,,
,0.333333333,0.333333333,,,,,,,,,,,,,
,0.142857143,0.142857143,,,,,,,,,,,,,
,0.619047619,0.619047619,,,,,,,,,,,,,
,0.714285714,0.714285714,,,,,,,,,,,,,
,0.285714286,0.285714286,,,,,,,,,,,,,
,0.142857143,0.142857143,,,,,,,,,,,,,
,0.047619048,0.095238095,,,,,,,,,,,,,
,0.571428571,0.571428571,,,,,,,,,,,,,
,0.619047619,0.619047619,,,,,,,,,,,,,
,0.047619048,0.047619048,,,,,,,,,,,,,
,0.80952381,0.80952381,,,,,,,,,,,,,
,0.285714286,0.285714286,,,,,,,,,,,,,
,0.857142857,0.857142857,,,,,,,,,,,,,
,0.571428571,0.571428571,,,,,,,,,,,,,
,0.428571429,0.428571429,,,,,,,,,,,,,
,0.80952381,0.80952381,,,,,,,,,,,,,
,0.333333333,0.333333333,,,,,,,,,,,,,
,0.523809524,0.523809524,,,,,,,,,,,,,
,0.428571429,0.428571429,,,,,,,,,,,,,
,0.095238095,0.095238095,,,,,,,,,,,,,
,0.666666667,0.666666667,,,,,,,,,,,,,
,0.761904762,0.80952381,,,,,,,,,,,,,
,0.19047619,0.19047619,,,,,,,,,,,,,
,0.142857143,0.142857143,,,,,,,,,,,,,
,0.333333333,0.333333333,,,,,,,,,,,,,
,0.666666667,0.666666667,,,,,,,,,,,,,
,0.714285714,0.714285714,,,,,,,,,,,,,
,0.142857143,0.142857143,,,,,,,,,,,,,
,0.619047619,0.619047619,,,,,,,,,,,,,
,0.333333333,0.333333333,,,,,,,,,,,,,
,0.095238095,0.095238095,,,,,,,,,,,,,
,1,1,,,,,,,,,,,,,
,0.952380952,0.952380952,,,,,,,,,,,,,
,0.333333333,0.333333333,,,,,,,,,,,,,
,0.047619048,0.047619048,,,,,,,,,,,,,
,0.952380952,0.952380952,,,,,,,,,,,,,
,0.80952381,0.80952381,,,,,,,,,,,,,
,0.380952381,0.380952381,,,,,,,,,,,,,
,0.142857143,0.142857143,,,,,,,,,,,,,
,0.857142857,0.857142857,,,,,,,,,,,,,
,0.238095238,0.238095238,,,,,,,,,,,,,
,0.714285714,0.714285714,,,,,,,,,,,,,
,0.666666667,0.666666667,,,,,,,,,,,,,
,0.142857143,0.142857143,,,,,,,,,,,,,
,0.666666667,0.666666667,,,,,,,,,,,,,
,0.428571429,0.428571429,,,,,,,,,,,,,
,0.238095238,0.238095238,,,,,,,,,,,,,
,0.238095238,0.238095238,,,,,,,,,,,,,
